module,type,topic,difficulty,prompt,passage,options_json,correct_answer,explanation,audio_text,time_limit_seconds,source_note,is_active,created_by
vocabulary,word_matching,Workplace basics,B1,Match each word with its best definition. [WM1],,"{""left"": [""agenda"", ""deadline"", ""invoice"", ""venue""], ""right"": [""list of topics for a meeting"", ""latest time for completion"", ""request for payment"", ""place where an event happens""]}","{""agenda"": ""list of topics for a meeting"", ""deadline"": ""latest time for completion"", ""invoice"": ""request for payment"", ""venue"": ""place where an event happens""}",Match by meaning; do not rely on option position.,,,YangLingo Aptis fidelity upgrade,1,
vocabulary,word_matching,Recruitment,B1,Match each word with its best definition. [WM2],,"{""left"": [""applicant"", ""vacancy"", ""recruiter"", ""reference""], ""right"": [""person applying for a position"", ""available job"", ""person who finds candidates"", ""person who can confirm experience""]}","{""applicant"": ""person applying for a position"", ""recruiter"": ""person who finds candidates"", ""reference"": ""person who can confirm experience"", ""vacancy"": ""available job""}",Match by meaning; do not rely on option position.,,,YangLingo Aptis fidelity upgrade,1,
vocabulary,word_matching,Shopping,B1,Match each word with its best definition. [WM3],,"{""left"": [""refund"", ""receipt"", ""warranty"", ""discount""], ""right"": [""money returned after a purchase"", ""proof of purchase"", ""promise to repair or replace"", ""reduction in price""]}","{""discount"": ""reduction in price"", ""receipt"": ""proof of purchase"", ""refund"": ""money returned after a purchase"", ""warranty"": ""promise to repair or replace""}",Match by meaning; do not rely on option position.,,,YangLingo Aptis fidelity upgrade,1,
vocabulary,word_matching,Travel,B1,Match each word with its best definition. [WM4],,"{""left"": [""platform"", ""fare"", ""departure"", ""delay""], ""right"": [""place where passengers board a train"", ""price of a journey"", ""act of leaving"", ""period of waiting beyond schedule""]}","{""delay"": ""period of waiting beyond schedule"", ""departure"": ""act of leaving"", ""fare"": ""price of a journey"", ""platform"": ""place where passengers board a train""}",Match by meaning; do not rely on option position.,,,YangLingo Aptis fidelity upgrade,1,
vocabulary,word_matching,General,B1,Match each word with its best definition. [WM5],,"{""left"": [""survey"", ""feedback"", ""proposal"", ""outcome""], ""right"": [""set of questions used to collect opinions"", ""comments about performance or experience"", ""formal suggestion or plan"", ""final result""]}","{""feedback"": ""comments about performance or experience"", ""outcome"": ""final result"", ""proposal"": ""formal suggestion or plan"", ""survey"": ""set of questions used to collect opinions""}",Match by meaning; do not rely on option position.,,,YangLingo Aptis fidelity upgrade,1,
vocabulary,word_matching,Adjectives,B1,Match each word with its best definition. [WM6],,"{""left"": [""reliable"", ""flexible"", ""efficient"", ""available""], ""right"": [""able to be trusted"", ""able to change easily"", ""working well with little waste"", ""ready to be used""]}","{""available"": ""ready to be used"", ""efficient"": ""working well with little waste"", ""flexible"": ""able to change easily"", ""reliable"": ""able to be trusted""}",Match by meaning; do not rely on option position.,,,YangLingo Aptis fidelity upgrade,1,
vocabulary,word_matching,Useful verbs,B1,Match each word with its best definition. [WM7],,"{""left"": [""postpone"", ""confirm"", ""improve"", ""participate""], ""right"": [""move to a later time"", ""state that something is definite"", ""make better"", ""take part""]}","{""confirm"": ""state that something is definite"", ""improve"": ""make better"", ""participate"": ""take part"", ""postpone"": ""move to a later time""}",Match by meaning; do not rely on option position.,,,YangLingo Aptis fidelity upgrade,1,
vocabulary,word_matching,Daily life,B1,Match each word with its best definition. [WM8],,"{""left"": [""crowded"", ""peaceful"", ""convenient"", ""affordable""], ""right"": [""full of people"", ""calm and quiet"", ""easy and useful for a situation"", ""not too expensive""]}","{""affordable"": ""not too expensive"", ""convenient"": ""easy and useful for a situation"", ""crowded"": ""full of people"", ""peaceful"": ""calm and quiet""}",Match by meaning; do not rely on option position.,,,YangLingo Aptis fidelity upgrade,1,
vocabulary,word_matching,Facilities,B1,Match each word with its best definition. [WM9],,"{""left"": [""equipment"", ""facility"", ""maintenance"", ""access""], ""right"": [""tools needed for an activity"", ""building or service for a purpose"", ""work done to keep something working"", ""ability to enter or use something""]}","{""access"": ""ability to enter or use something"", ""equipment"": ""tools needed for an activity"", ""facility"": ""building or service for a purpose"", ""maintenance"": ""work done to keep something working""}",Match by meaning; do not rely on option position.,,,YangLingo Aptis fidelity upgrade,1,
vocabulary,word_matching,Abstract nouns,B1,Match each word with its best definition. [WM10],,"{""left"": [""benefit"", ""concern"", ""issue"", ""solution""], ""right"": [""advantage or positive effect"", ""something that causes worry"", ""problem or topic needing attention"", ""way of solving a problem""]}","{""benefit"": ""advantage or positive effect"", ""concern"": ""something that causes worry"", ""issue"": ""problem or topic needing attention"", ""solution"": ""way of solving a problem""}",Match by meaning; do not rely on option position.,,,YangLingo Aptis fidelity upgrade,1,
vocabulary,word_combination,Collocations,B1,Choose the natural completion: make ___ . [WC1],,"[""a decision"", ""a rain"", ""a traffic"", ""a salary""]",a decision,The natural collocation is “make a decision”.,,,YangLingo Aptis fidelity upgrade,1,
vocabulary,word_combination,Collocations,B1,Choose the natural completion: heavy ___ . [WC2],,"[""rain"", ""decision"", ""advice"", ""appointment""]",rain,The natural collocation is “heavy rain”.,,,YangLingo Aptis fidelity upgrade,1,
vocabulary,word_combination,Collocations,B1,Choose the natural completion: public ___ . [WC3],,"[""transport"", ""deadline"", ""experience"", ""invoice""]",transport,The natural collocation is “public transport”.,,,YangLingo Aptis fidelity upgrade,1,
vocabulary,word_combination,Collocations,B1,Choose the natural completion: job ___ . [WC4],,"[""interview"", ""weather"", ""traffic"", ""discount""]",interview,The natural collocation is “job interview”.,,,YangLingo Aptis fidelity upgrade,1,
vocabulary,word_combination,Collocations,B1,Choose the natural completion: meet ___ . [WC5],,"[""a deadline"", ""a luggage"", ""a venue"", ""a refund""]",a deadline,The natural collocation is “meet a deadline”.,,,YangLingo Aptis fidelity upgrade,1,
vocabulary,word_combination,Collocations,B1,Choose the natural completion: submit ___ . [WC6],,"[""an application"", ""a journey"", ""a traffic"", ""a weather""]",an application,The natural collocation is “submit an application”.,,,YangLingo Aptis fidelity upgrade,1,
vocabulary,word_combination,Collocations,B1,Choose the natural completion: raise ___ . [WC7],,"[""a concern"", ""a train"", ""a salaryly"", ""a luggage""]",a concern,The natural collocation is “raise a concern”.,,,YangLingo Aptis fidelity upgrade,1,
vocabulary,word_combination,Collocations,B1,Choose the natural completion: reach ___ . [WC8],,"[""an agreement"", ""a rain"", ""a meetingly"", ""a refunding""]",an agreement,The natural collocation is “reach an agreement”.,,,YangLingo Aptis fidelity upgrade,1,
vocabulary,word_combination,Collocations,B1,Choose the natural completion: take ___ . [WC9],,"[""responsibility"", ""a vacancy"", ""a weather"", ""a deadline""]",responsibility,The natural collocation is “take responsibility”.,,,YangLingo Aptis fidelity upgrade,1,
vocabulary,word_combination,Collocations,B1,Choose the natural completion: provide ___ . [WC10],,"[""assistance"", ""a decision"", ""a transport"", ""a complainting""]",assistance,The natural collocation is “provide assistance”.,,,YangLingo Aptis fidelity upgrade,1,
vocabulary,meaning_in_context,Meaning in Context,B1,Choose the word that best completes the sentence. [MC1],"The room is ___ after 2 p.m., so we can hold the meeting then.","[""available"", ""ancient"", ""silent"", ""narrow""]",available,Use the surrounding context and collocation to choose the meaning that fits.,,,YangLingo Aptis fidelity upgrade,1,
vocabulary,meaning_in_context,Meaning in Context,B1,Choose the word that best completes the sentence. [MC2],"Because the speaker is ill, the club decided to ___ the event until next week.","[""postpone"", ""increase"", ""borrow"", ""measure""]",postpone,Use the surrounding context and collocation to choose the meaning that fits.,,,YangLingo Aptis fidelity upgrade,1,
vocabulary,meaning_in_context,Meaning in Context,B1,Choose the word that best completes the sentence. [MC3],The new bus route is more ___ for students who live outside the city centre.,"[""convenient"", ""temporary"", ""formal"", ""crowded""]",convenient,Use the surrounding context and collocation to choose the meaning that fits.,,,YangLingo Aptis fidelity upgrade,1,
vocabulary,meaning_in_context,Meaning in Context,B1,Choose the word that best completes the sentence. [MC4],The manager asked staff to ___ any safety problems immediately.,"[""report"", ""repeat"", ""reduce"", ""replace""]",report,Use the surrounding context and collocation to choose the meaning that fits.,,,YangLingo Aptis fidelity upgrade,1,
vocabulary,meaning_in_context,Meaning in Context,B1,Choose the word that best completes the sentence. [MC5],"Tickets are reasonably priced, so the concert is ___ for most students.","[""affordable"", ""visible"", ""traditional"", ""remote""]",affordable,Use the surrounding context and collocation to choose the meaning that fits.,,,YangLingo Aptis fidelity upgrade,1,
vocabulary,meaning_in_context,Meaning in Context,B1,Choose the word that best completes the sentence. [MC6],The online form is simple and ___; most users finish it in two minutes.,"[""efficient"", ""nervous"", ""ordinary"", ""private""]",efficient,Use the surrounding context and collocation to choose the meaning that fits.,,,YangLingo Aptis fidelity upgrade,1,
vocabulary,meaning_in_context,Meaning in Context,B1,Choose the word that best completes the sentence. [MC7],Please ___ your booking by email before Friday.,"[""confirm"", ""compare"", ""collect"", ""contain""]",confirm,Use the surrounding context and collocation to choose the meaning that fits.,,,YangLingo Aptis fidelity upgrade,1,
vocabulary,meaning_in_context,Meaning in Context,B1,Choose the word that best completes the sentence. [MC8],The charity wants more young people to ___ in weekend activities.,"[""participate"", ""translate"", ""reserve"", ""deliver""]",participate,Use the surrounding context and collocation to choose the meaning that fits.,,,YangLingo Aptis fidelity upgrade,1,
vocabulary,meaning_in_context,Meaning in Context,B1,Choose the word that best completes the sentence. [MC9],The hotel received positive ___ from guests about the new breakfast menu.,"[""feedback"", ""forecast"", ""equipment"", ""permission""]",feedback,Use the surrounding context and collocation to choose the meaning that fits.,,,YangLingo Aptis fidelity upgrade,1,
vocabulary,meaning_in_context,Meaning in Context,B1,Choose the word that best completes the sentence. [MC10],The committee is looking for a practical ___ to the parking problem.,"[""solution"", ""location"", ""tradition"", ""position""]",solution,Use the surrounding context and collocation to choose the meaning that fits.,,,YangLingo Aptis fidelity upgrade,1,
vocabulary,word_pairs,Word Pairs,B1,Which word or phrase is closest in meaning to “purchase”? [WP1],,"[""buy"", ""opposite meaning"", ""unrelated action"", ""specific place""]",buy,"“purchase” and “buy” are close in meaning in this context, although synonyms are not always interchangeable.",,,YangLingo Aptis fidelity upgrade,1,
vocabulary,word_pairs,Word Pairs,B1,Which word or phrase is closest in meaning to “inexpensive”? [WP2],,"[""cheap"", ""opposite meaning"", ""unrelated action"", ""specific place""]",cheap,"“inexpensive” and “cheap” are close in meaning in this context, although synonyms are not always interchangeable.",,,YangLingo Aptis fidelity upgrade,1,
vocabulary,word_pairs,Word Pairs,B1,Which word or phrase is closest in meaning to “postpone”? [WP3],,"[""delay"", ""opposite meaning"", ""unrelated action"", ""specific place""]",delay,"“postpone” and “delay” are close in meaning in this context, although synonyms are not always interchangeable.",,,YangLingo Aptis fidelity upgrade,1,
vocabulary,word_pairs,Word Pairs,B1,Which word or phrase is closest in meaning to “close to”? [WP4],,"[""near"", ""opposite meaning"", ""unrelated action"", ""specific place""]",near,"“close to” and “near” are close in meaning in this context, although synonyms are not always interchangeable.",,,YangLingo Aptis fidelity upgrade,1,
vocabulary,word_pairs,Word Pairs,B1,Which word or phrase is closest in meaning to “rise”? [WP5],,"[""increase"", ""opposite meaning"", ""unrelated action"", ""specific place""]",increase,"“rise” and “increase” are close in meaning in this context, although synonyms are not always interchangeable.",,,YangLingo Aptis fidelity upgrade,1,
vocabulary,word_pairs,Word Pairs,B1,Which word or phrase is closest in meaning to “call off”? [WP6],,"[""cancel"", ""opposite meaning"", ""unrelated action"", ""specific place""]",cancel,"“call off” and “cancel” are close in meaning in this context, although synonyms are not always interchangeable.",,,YangLingo Aptis fidelity upgrade,1,
vocabulary,word_pairs,Word Pairs,B1,Which word or phrase is closest in meaning to “position”? [WP7],,"[""job"", ""opposite meaning"", ""unrelated action"", ""specific place""]",job,"“position” and “job” are close in meaning in this context, although synonyms are not always interchangeable.",,,YangLingo Aptis fidelity upgrade,1,
vocabulary,word_pairs,Word Pairs,B1,Which word or phrase is closest in meaning to “assist”? [WP8],,"[""help"", ""opposite meaning"", ""unrelated action"", ""specific place""]",help,"“assist” and “help” are close in meaning in this context, although synonyms are not always interchangeable.",,,YangLingo Aptis fidelity upgrade,1,
vocabulary,word_pairs,Word Pairs,B1,Which word or phrase is closest in meaning to “require”? [WP9],,"[""need"", ""opposite meaning"", ""unrelated action"", ""specific place""]",need,"“require” and “need” are close in meaning in this context, although synonyms are not always interchangeable.",,,YangLingo Aptis fidelity upgrade,1,
vocabulary,word_pairs,Word Pairs,B1,Which word or phrase is closest in meaning to “approximately”? [WP10],,"[""about"", ""opposite meaning"", ""unrelated action"", ""specific place""]",about,"“approximately” and “about” are close in meaning in this context, although synonyms are not always interchangeable.",,,YangLingo Aptis fidelity upgrade,1,
reading,text_cohesion,Technology,B1,Choose the sentence that best fits the gap. [TC1],"The community centre introduced evening computer classes for older residents.

[ GAP ]

After volunteers began calling residents personally, more people joined. The organisers therefore kept the classes open for another month.","[""Attendance was low during the first week."", ""The topic was never discussed again."", ""Nobody knew why the building existed."", ""The organisers cancelled every related activity.""]",Attendance was low during the first week.,The correct sentence connects the opening situation with the result that follows.,,,YangLingo Aptis fidelity upgrade,1,
reading,text_cohesion,Education,B1,Choose the sentence that best fits the gap. [TC2],"A small café started accepting mobile payments.

[ GAP ]

Within a few days, transactions became faster at busy times. Customers also said they spent less time waiting.","[""At first, some staff needed extra training."", ""The topic was never discussed again."", ""Nobody knew why the building existed."", ""The organisers cancelled every related activity.""]","At first, some staff needed extra training.",The correct sentence connects the opening situation with the result that follows.,,,YangLingo Aptis fidelity upgrade,1,
reading,text_cohesion,Environment,B1,Choose the sentence that best fits the gap. [TC3],"The university library extended its weekend opening hours.

[ GAP ]

The change gave project groups more time to work together. The library will review usage figures at the end of term.","[""Students had previously complained that the old schedule was too short."", ""The topic was never discussed again."", ""Nobody knew why the building existed."", ""The organisers cancelled every related activity.""]",Students had previously complained that the old schedule was too short.,The correct sentence connects the opening situation with the result that follows.,,,YangLingo Aptis fidelity upgrade,1,
reading,text_cohesion,Work,B1,Choose the sentence that best fits the gap. [TC4],"A local park added more recycling bins.

[ GAP ]

Visitors quickly learned how to separate common types of waste. The amount of mixed rubbish fell during the following month.","[""The council placed clear signs beside each bin."", ""The topic was never discussed again."", ""Nobody knew why the building existed."", ""The organisers cancelled every related activity.""]",The council placed clear signs beside each bin.,The correct sentence connects the opening situation with the result that follows.,,,YangLingo Aptis fidelity upgrade,1,
reading,text_cohesion,Community,B1,Choose the sentence that best fits the gap. [TC5],"A company introduced a bicycle-to-work scheme.

[ GAP ]

Several people who usually drove decided to try the scheme. The company plans to add secure bicycle parking next.","[""Employees could borrow bicycles at no charge."", ""The topic was never discussed again."", ""Nobody knew why the building existed."", ""The organisers cancelled every related activity.""]",Employees could borrow bicycles at no charge.,The correct sentence connects the opening situation with the result that follows.,,,YangLingo Aptis fidelity upgrade,1,
reading,text_cohesion,Technology,B1,Choose the sentence that best fits the gap. [TC6],"The language club moved its weekly meeting online during heavy rain.

[ GAP ]

Almost everyone was able to join from home. The club decided to keep online meetings as a backup option.","[""Members received the video link two hours before the meeting."", ""The topic was never discussed again."", ""Nobody knew why the building existed."", ""The organisers cancelled every related activity.""]",Members received the video link two hours before the meeting.,The correct sentence connects the opening situation with the result that follows.,,,YangLingo Aptis fidelity upgrade,1,
reading,text_cohesion,Education,B1,Choose the sentence that best fits the gap. [TC7],"A hotel changed its check-in form.

[ GAP ]

The new version is shorter and easier to complete. Reception staff now spend more time helping guests with other questions.","[""The old form asked guests to repeat information already entered online."", ""The topic was never discussed again."", ""Nobody knew why the building existed."", ""The organisers cancelled every related activity.""]",The old form asked guests to repeat information already entered online.,The correct sentence connects the opening situation with the result that follows.,,,YangLingo Aptis fidelity upgrade,1,
reading,text_cohesion,Environment,B1,Choose the sentence that best fits the gap. [TC8],"A school started a quiet reading period after lunch.

[ GAP ]

Ten minutes of reading helped the class settle more quickly. The school will continue the routine next term.","[""Teachers noticed that many pupils returned to class feeling restless."", ""The topic was never discussed again."", ""Nobody knew why the building existed."", ""The organisers cancelled every related activity.""]",Teachers noticed that many pupils returned to class feeling restless.,The correct sentence connects the opening situation with the result that follows.,,,YangLingo Aptis fidelity upgrade,1,
reading,text_cohesion,Work,B1,Choose the sentence that best fits the gap. [TC9],"The town opened a direct bus route to the hospital.

[ GAP ]

The direct service reduced average journey time by twenty minutes. Patient groups welcomed the change.","[""Previously, passengers had to change buses in the city centre."", ""The topic was never discussed again."", ""Nobody knew why the building existed."", ""The organisers cancelled every related activity.""]","Previously, passengers had to change buses in the city centre.",The correct sentence connects the opening situation with the result that follows.,,,YangLingo Aptis fidelity upgrade,1,
reading,text_cohesion,Community,B1,Choose the sentence that best fits the gap. [TC10],"A sports club created a beginner session on Saturday mornings.

[ GAP ]

The beginner group lets them practise basic skills first. More members now continue into regular sessions.","[""Some new members had felt uncomfortable joining advanced classes."", ""The topic was never discussed again."", ""Nobody knew why the building existed."", ""The organisers cancelled every related activity.""]",Some new members had felt uncomfortable joining advanced classes.,The correct sentence connects the opening situation with the result that follows.,,,YangLingo Aptis fidelity upgrade,1,
reading,text_cohesion,Technology,B1,Choose the sentence that best fits the gap. [TC11],"A museum added QR codes beside several exhibits.

[ GAP ]

The recordings are available in three languages. The museum is considering adding more languages next year.","[""Visitors can scan the codes to hear short audio explanations."", ""The topic was never discussed again."", ""Nobody knew why the building existed."", ""The organisers cancelled every related activity.""]",Visitors can scan the codes to hear short audio explanations.,The correct sentence connects the opening situation with the result that follows.,,,YangLingo Aptis fidelity upgrade,1,
reading,text_cohesion,Education,B1,Choose the sentence that best fits the gap. [TC12],"A supermarket tested a reusable-container station.

[ GAP ]

The store records the amount of packaging saved each week. Early results suggest many regular shoppers use the station.","[""Customers can refill products such as rice and cereal."", ""The topic was never discussed again."", ""Nobody knew why the building existed."", ""The organisers cancelled every related activity.""]",Customers can refill products such as rice and cereal.,The correct sentence connects the opening situation with the result that follows.,,,YangLingo Aptis fidelity upgrade,1,
reading,text_cohesion,Environment,B1,Choose the sentence that best fits the gap. [TC13],"A college introduced appointment slots for academic advisers.

[ GAP ]

The booking system gives each student a specific time. Both advisers and students report fewer delays.","[""Students used to wait outside offices without knowing when they would be seen."", ""The topic was never discussed again."", ""Nobody knew why the building existed."", ""The organisers cancelled every related activity.""]",Students used to wait outside offices without knowing when they would be seen.,The correct sentence connects the opening situation with the result that follows.,,,YangLingo Aptis fidelity upgrade,1,
reading,text_cohesion,Work,B1,Choose the sentence that best fits the gap. [TC14],"An office replaced paper visitor badges with reusable cards.

[ GAP ]

The change reduces the number of badges thrown away each day. The company is monitoring whether any cards are lost.","[""Security staff collect the cards when visitors leave."", ""The topic was never discussed again."", ""Nobody knew why the building existed."", ""The organisers cancelled every related activity.""]",Security staff collect the cards when visitors leave.,The correct sentence connects the opening situation with the result that follows.,,,YangLingo Aptis fidelity upgrade,1,
reading,text_cohesion,Community,B1,Choose the sentence that best fits the gap. [TC15],"A theatre began offering an earlier weekend performance.

[ GAP ]

Tickets for the new afternoon show sold quickly. The theatre will repeat the schedule during school holidays.","[""Families with young children had requested a more convenient time."", ""The topic was never discussed again."", ""Nobody knew why the building existed."", ""The organisers cancelled every related activity.""]",Families with young children had requested a more convenient time.,The correct sentence connects the opening situation with the result that follows.,,,YangLingo Aptis fidelity upgrade,1,
reading,text_cohesion,Technology,B1,Choose the sentence that best fits the gap. [TC16],"A neighbourhood group created a shared tool library.

[ GAP ]

Members no longer need to buy tools they use only occasionally. The group funds repairs through a small annual fee.","[""Residents can borrow drills, ladders and gardening equipment."", ""The topic was never discussed again."", ""Nobody knew why the building existed."", ""The organisers cancelled every related activity.""]","Residents can borrow drills, ladders and gardening equipment.",The correct sentence connects the opening situation with the result that follows.,,,YangLingo Aptis fidelity upgrade,1,
reading,text_cohesion,Education,B1,Choose the sentence that best fits the gap. [TC17],"A clinic began sending appointment reminders by text message.

[ GAP ]

The number of missed appointments has decreased. Patients can also reply if they need to cancel.","[""Patients receive the reminder one day before their visit."", ""The topic was never discussed again."", ""Nobody knew why the building existed."", ""The organisers cancelled every related activity.""]",Patients receive the reminder one day before their visit.,The correct sentence connects the opening situation with the result that follows.,,,YangLingo Aptis fidelity upgrade,1,
reading,text_cohesion,Environment,B1,Choose the sentence that best fits the gap. [TC18],"A restaurant introduced a smaller lunch menu.

[ GAP ]

With fewer choices, orders are served more quickly. The restaurant still offers the full menu in the evening.","[""The kitchen had struggled to prepare too many dishes during the busiest hour."", ""The topic was never discussed again."", ""Nobody knew why the building existed."", ""The organisers cancelled every related activity.""]",The kitchen had struggled to prepare too many dishes during the busiest hour.,The correct sentence connects the opening situation with the result that follows.,,,YangLingo Aptis fidelity upgrade,1,
reading,text_cohesion,Work,B1,Choose the sentence that best fits the gap. [TC19],"A student society created a monthly feedback form.

[ GAP ]

The committee reviews the responses before planning new events. Several recent activities were changed because of member suggestions.","[""Members can submit comments anonymously."", ""The topic was never discussed again."", ""Nobody knew why the building existed."", ""The organisers cancelled every related activity.""]",Members can submit comments anonymously.,The correct sentence connects the opening situation with the result that follows.,,,YangLingo Aptis fidelity upgrade,1,
reading,text_cohesion,Community,B1,Choose the sentence that best fits the gap. [TC20],"A company began recording short training videos.

[ GAP ]

Managers spend less time repeating the same basic instructions. Live sessions are now used for questions and practice.","[""New employees can watch each video when they need it."", ""The topic was never discussed again."", ""Nobody knew why the building existed."", ""The organisers cancelled every related activity.""]",New employees can watch each video when they need it.,The correct sentence connects the opening situation with the result that follows.,,,YangLingo Aptis fidelity upgrade,1,
reading,long_text,Library study rooms,B1,Why is the library considering longer opening hours? [LT1],"The city library introduced bookable study rooms after students asked for quieter group-work spaces. Each room can be reserved for up to two hours. During the first month, evening slots filled fastest, while mornings remained easier to book. The library is now considering whether to extend closing time during exam periods.","[""Because evening demand is high during study periods"", ""Because all morning rooms are closed"", ""Because books are no longer borrowed"", ""Because staff requested shorter shifts""]",Because evening demand is high during study periods,Choose the option supported by the passage rather than an assumption.,,,YangLingo Aptis fidelity upgrade,1,
reading,long_text,Community garden,B1,What additional benefit of the garden is mentioned? [LT2],Residents turned an unused piece of land into a community garden. Volunteers divided the area into small plots and created a shared section for herbs. New gardeners attend a short orientation about water use and composting. The project has also become a place where neighbours meet people they did not know before.,"[""It helps neighbours connect with one another"", ""It provides free public transport"", ""It replaces all local shops"", ""It guarantees paid employment""]",It helps neighbours connect with one another,Choose the option supported by the passage rather than an assumption.,,,YangLingo Aptis fidelity upgrade,1,
reading,long_text,Remote work trial,B1,How did the company respond to the collaboration problem? [LT3],"A design company tested two remote-work days each week for three months. Staff reported fewer commuting problems, but some teams found spontaneous collaboration harder. The company kept the policy and added two optional office collaboration days each month.","[""It added regular in-person collaboration days"", ""It ended remote work immediately"", ""It moved the office abroad"", ""It reduced every employee’s hours""]",It added regular in-person collaboration days,Choose the option supported by the passage rather than an assumption.,,,YangLingo Aptis fidelity upgrade,1,
reading,long_text,Airport express,B1,Why might a traveller choose the train instead of the bus? [LT4],"A new airport express train now runs every thirty minutes from the central station. It is slightly more expensive than the regular bus, but the journey is faster and passengers have more space for luggage. Travellers can buy tickets online or at station machines.","[""It offers a faster journey and more luggage space"", ""It is always free"", ""It stops at every neighbourhood"", ""It only runs once a day""]",It offers a faster journey and more luggage space,Choose the option supported by the passage rather than an assumption.,,,YangLingo Aptis fidelity upgrade,1,
reading,long_text,Repair café,B1,What is one aim of the repair café? [LT5],"Once a month, volunteers at a repair café help people fix small household items such as lamps and fans. Visitors are encouraged to watch and learn rather than simply leave the item. The organisers say this reduces waste and builds practical skills.","[""To help people learn how repairs are done"", ""To sell new household appliances"", ""To collect membership fees"", ""To replace local schools""]",To help people learn how repairs are done,Choose the option supported by the passage rather than an assumption.,,,YangLingo Aptis fidelity upgrade,1,
reading,long_text,Digital tickets,B1,Why does the theatre keep a physical ticket counter? [LT6],The town theatre moved most ticket sales online but kept a small counter open before performances. Online buyers can choose seats and save tickets on their phones. The counter remains useful for visitors who need assistance or prefer to pay in person.,"[""To support visitors who need help or prefer in-person payment"", ""To prevent online seat selection"", ""To sell food during performances"", ""To check actors’ schedules""]",To support visitors who need help or prefer in-person payment,Choose the option supported by the passage rather than an assumption.,,,YangLingo Aptis fidelity upgrade,1,
reading,long_text,Mentoring programme,B1,What do participants value most? [LT7],"A university mentoring programme matches first-year students with volunteers in later years. Mentors answer practical questions about courses and campus life, but they are not expected to provide academic tutoring. Surveys show that new students mainly value having someone approachable to ask for advice.","[""Having an approachable person for practical advice"", ""Receiving guaranteed higher grades"", ""Avoiding all university classes"", ""Getting free textbooks""]",Having an approachable person for practical advice,Choose the option supported by the passage rather than an assumption.,,,YangLingo Aptis fidelity upgrade,1,
reading,long_text,Hotel water policy,B1,What does the text suggest about guest choice? [LT8],A hotel placed cards in guest bathrooms explaining that towels would be replaced only when left on the floor. Guests who wanted fresh towels could still request them. The hotel says the policy reduced laundry loads without causing many complaints.,"[""Guests can still request fresh towels when needed"", ""Guests are forbidden to use towels twice"", ""Guests must wash their own towels"", ""Guests receive no information about the policy""]",Guests can still request fresh towels when needed,Choose the option supported by the passage rather than an assumption.,,,YangLingo Aptis fidelity upgrade,1,
reading,long_text,Bike parking,B1,What problem is the project mainly trying to address? [LT9],"The council installed covered bicycle parking near the railway station. The spaces include lights and locking points, and registered users can enter the area with a digital pass. The council hopes commuters will feel more confident leaving bicycles there during the day.","[""Concern about safely leaving bicycles at the station"", ""A shortage of train drivers"", ""High restaurant prices"", ""Poor mobile phone coverage""]",Concern about safely leaving bicycles at the station,Choose the option supported by the passage rather than an assumption.,,,YangLingo Aptis fidelity upgrade,1,
reading,long_text,Weekend workshop,B1,What is the main educational goal? [LT10],"A science museum offers weekend workshops where children build simple machines from everyday materials. Parents may stay, but the activities are designed for children to complete most steps themselves. Staff say the aim is to develop curiosity through practical experimentation.","[""Encouraging curiosity through hands-on activity"", ""Teaching professional engineering qualifications"", ""Selling household materials"", ""Training parents to run museums""]",Encouraging curiosity through hands-on activity,Choose the option supported by the passage rather than an assumption.,,,YangLingo Aptis fidelity upgrade,1,
reading,long_text,Library study rooms,B1,What is the most reasonable conclusion from the text? [LT11],"The city library introduced bookable study rooms after students asked for quieter group-work spaces. Each room can be reserved for up to two hours. During the first month, evening slots filled fastest, while mornings remained easier to book. The library is now considering whether to extend closing time during exam periods. In the final week of the trial, organisers also collected short written comments from participants to guide future improvements.","[""The organisers are using participant experience to improve the service."", ""The service will definitely close next week."", ""No participant has used the service yet."", ""The organisers refuse to change anything.""]",The organisers are using participant experience to improve the service.,Choose the option supported by the passage rather than an assumption.,,,YangLingo Aptis fidelity upgrade,1,
reading,long_text,Community garden,B1,Which statement is supported by the text? [LT12],"Residents turned an unused piece of land into a community garden. Volunteers divided the area into small plots and created a shared section for herbs. New gardeners attend a short orientation about water use and composting. The project has also become a place where neighbours meet people they did not know before. In the final week of the trial, organisers also collected short written comments from participants to guide future improvements.","[""The organisers are using participant experience to improve the service."", ""The service will definitely close next week."", ""No participant has used the service yet."", ""The organisers refuse to change anything.""]",The organisers are using participant experience to improve the service.,Choose the option supported by the passage rather than an assumption.,,,YangLingo Aptis fidelity upgrade,1,
reading,long_text,Remote work trial,B1,What is the most reasonable conclusion from the text? [LT13],"A design company tested two remote-work days each week for three months. Staff reported fewer commuting problems, but some teams found spontaneous collaboration harder. The company kept the policy and added two optional office collaboration days each month. In the final week of the trial, organisers also collected short written comments from participants to guide future improvements.","[""The organisers are using participant experience to improve the service."", ""The service will definitely close next week."", ""No participant has used the service yet."", ""The organisers refuse to change anything.""]",The organisers are using participant experience to improve the service.,Choose the option supported by the passage rather than an assumption.,,,YangLingo Aptis fidelity upgrade,1,
reading,long_text,Airport express,B1,Which statement is supported by the text? [LT14],"A new airport express train now runs every thirty minutes from the central station. It is slightly more expensive than the regular bus, but the journey is faster and passengers have more space for luggage. Travellers can buy tickets online or at station machines. In the final week of the trial, organisers also collected short written comments from participants to guide future improvements.","[""The organisers are using participant experience to improve the service."", ""The service will definitely close next week."", ""No participant has used the service yet."", ""The organisers refuse to change anything.""]",The organisers are using participant experience to improve the service.,Choose the option supported by the passage rather than an assumption.,,,YangLingo Aptis fidelity upgrade,1,
reading,long_text,Repair café,B1,What is the most reasonable conclusion from the text? [LT15],"Once a month, volunteers at a repair café help people fix small household items such as lamps and fans. Visitors are encouraged to watch and learn rather than simply leave the item. The organisers say this reduces waste and builds practical skills. In the final week of the trial, organisers also collected short written comments from participants to guide future improvements.","[""The organisers are using participant experience to improve the service."", ""The service will definitely close next week."", ""No participant has used the service yet."", ""The organisers refuse to change anything.""]",The organisers are using participant experience to improve the service.,Choose the option supported by the passage rather than an assumption.,,,YangLingo Aptis fidelity upgrade,1,
reading,long_text,Digital tickets,B1,Which statement is supported by the text? [LT16],"The town theatre moved most ticket sales online but kept a small counter open before performances. Online buyers can choose seats and save tickets on their phones. The counter remains useful for visitors who need assistance or prefer to pay in person. In the final week of the trial, organisers also collected short written comments from participants to guide future improvements.","[""The organisers are using participant experience to improve the service."", ""The service will definitely close next week."", ""No participant has used the service yet."", ""The organisers refuse to change anything.""]",The organisers are using participant experience to improve the service.,Choose the option supported by the passage rather than an assumption.,,,YangLingo Aptis fidelity upgrade,1,
reading,long_text,Mentoring programme,B1,What is the most reasonable conclusion from the text? [LT17],"A university mentoring programme matches first-year students with volunteers in later years. Mentors answer practical questions about courses and campus life, but they are not expected to provide academic tutoring. Surveys show that new students mainly value having someone approachable to ask for advice. In the final week of the trial, organisers also collected short written comments from participants to guide future improvements.","[""The organisers are using participant experience to improve the service."", ""The service will definitely close next week."", ""No participant has used the service yet."", ""The organisers refuse to change anything.""]",The organisers are using participant experience to improve the service.,Choose the option supported by the passage rather than an assumption.,,,YangLingo Aptis fidelity upgrade,1,
reading,long_text,Hotel water policy,B1,Which statement is supported by the text? [LT18],"A hotel placed cards in guest bathrooms explaining that towels would be replaced only when left on the floor. Guests who wanted fresh towels could still request them. The hotel says the policy reduced laundry loads without causing many complaints. In the final week of the trial, organisers also collected short written comments from participants to guide future improvements.","[""The organisers are using participant experience to improve the service."", ""The service will definitely close next week."", ""No participant has used the service yet."", ""The organisers refuse to change anything.""]",The organisers are using participant experience to improve the service.,Choose the option supported by the passage rather than an assumption.,,,YangLingo Aptis fidelity upgrade,1,
reading,long_text,Bike parking,B1,What is the most reasonable conclusion from the text? [LT19],"The council installed covered bicycle parking near the railway station. The spaces include lights and locking points, and registered users can enter the area with a digital pass. The council hopes commuters will feel more confident leaving bicycles there during the day. In the final week of the trial, organisers also collected short written comments from participants to guide future improvements.","[""The organisers are using participant experience to improve the service."", ""The service will definitely close next week."", ""No participant has used the service yet."", ""The organisers refuse to change anything.""]",The organisers are using participant experience to improve the service.,Choose the option supported by the passage rather than an assumption.,,,YangLingo Aptis fidelity upgrade,1,
reading,long_text,Weekend workshop,B1,Which statement is supported by the text? [LT20],"A science museum offers weekend workshops where children build simple machines from everyday materials. Parents may stay, but the activities are designed for children to complete most steps themselves. Staff say the aim is to develop curiosity through practical experimentation. In the final week of the trial, organisers also collected short written comments from participants to guide future improvements.","[""The organisers are using participant experience to improve the service."", ""The service will definitely close next week."", ""No participant has used the service yet."", ""The organisers refuse to change anything.""]",The organisers are using participant experience to improve the service.,Choose the option supported by the passage rather than an assumption.,,,YangLingo Aptis fidelity upgrade,1,
reading,opinion_matching,Working From Home,B1,Who thinks home working improves concentration? [OM1],"Anna: I concentrate better at home because I can control noise.
Ben: I prefer the office because quick conversations solve problems faster.
Chris: A mix of home and office days works best for me.","[""Anna"", ""Ben"", ""Chris""]",Anna,Compare each speaker’s stated opinion and match only the person who expresses the target idea.,,,YangLingo Aptis fidelity upgrade,1,
reading,opinion_matching,Public Transport,B1,Who values using travel time for another activity? [OM2],"Lina: Buses are useful, but they need to run later in the evening.
Omar: I cycle most days because it is quicker for short journeys.
Maya: The train is my choice because I can read while travelling.","[""Lina"", ""Omar"", ""Maya""]",Maya,Compare each speaker’s stated opinion and match only the person who expresses the target idea.,,,YangLingo Aptis fidelity upgrade,1,
reading,opinion_matching,Online Courses,B1,Who particularly values being able to review material? [OM3],"David: Recorded lessons let me review difficult explanations.
Sara: I miss talking to classmates face to face.
Noah: Short online courses are useful when I need one specific skill.","[""David"", ""Sara"", ""Noah""]",David,Compare each speaker’s stated opinion and match only the person who expresses the target idea.,,,YangLingo Aptis fidelity upgrade,1,
reading,opinion_matching,Community Events,B1,Who focuses most on promotion? [OM4],"Mai: Outdoor events feel welcoming when families can join.
Leo: I prefer small workshops where everyone can participate.
Nina: Good advertising matters because people need to hear about the event early.","[""Mai"", ""Leo"", ""Nina""]",Nina,Compare each speaker’s stated opinion and match only the person who expresses the target idea.,,,YangLingo Aptis fidelity upgrade,1,
reading,opinion_matching,Exercise,B1,Who values the social aspect of exercise? [OM5],"Hana: Morning exercise gives me energy for the day.
Tom: I only enjoy exercise when I do it with friends.
Ravi: Walking is practical because I do not need special equipment.","[""Hana"", ""Tom"", ""Ravi""]",Tom,Compare each speaker’s stated opinion and match only the person who expresses the target idea.,,,YangLingo Aptis fidelity upgrade,1,
reading,opinion_matching,Libraries,B1,Who is most concerned with opening times? [OM6],"Eli: Libraries should provide more quiet areas.
Jo: I mainly use the library for free digital resources.
Kim: Longer weekend hours would help people who work.","[""Eli"", ""Jo"", ""Kim""]",Kim,Compare each speaker’s stated opinion and match only the person who expresses the target idea.,,,YangLingo Aptis fidelity upgrade,1,
reading,opinion_matching,Shopping,B1,Who values personal advice? [OM7],"Ava: I compare prices online before visiting a shop.
Minh: I choose local shops when I need advice from staff.
Paul: Fast delivery matters more to me than having many choices.","[""Ava"", ""Minh"", ""Paul""]",Minh,Compare each speaker’s stated opinion and match only the person who expresses the target idea.,,,YangLingo Aptis fidelity upgrade,1,
reading,opinion_matching,Travel,B1,Who likes flexibility in the schedule? [OM8],"Nora: I plan carefully so I can see the main attractions.
Sam: I prefer leaving some free time for unexpected discoveries.
Ivy: I choose accommodation close to public transport.","[""Nora"", ""Sam"", ""Ivy""]",Sam,Compare each speaker’s stated opinion and match only the person who expresses the target idea.,,,YangLingo Aptis fidelity upgrade,1,
reading,opinion_matching,Technology,B1,Who is most concerned about privacy? [OM9],"Ken: New apps are useful only if they save time.
Rosa: I enjoy trying new devices even before I really need them.
Ali: Privacy settings are the first thing I check.","[""Ken"", ""Rosa"", ""Ali""]",Ali,Compare each speaker’s stated opinion and match only the person who expresses the target idea.,,,YangLingo Aptis fidelity upgrade,1,
reading,opinion_matching,Food,B1,Who connects food with travel experiences? [OM10],"Zoe: Cooking at home helps me control ingredients.
Ben: Trying local restaurants is part of travelling for me.
Aya: I prepare meals in advance because weekdays are busy.","[""Zoe"", ""Ben"", ""Aya""]",Ben,Compare each speaker’s stated opinion and match only the person who expresses the target idea.,,,YangLingo Aptis fidelity upgrade,1,
reading,opinion_matching,Study Spaces,B1,Who prefers a lively background? [OM11],"Mia: I need complete silence to read difficult material.
Dan: Background activity in a café helps me stay focused.
Iris: I choose places with large tables for group projects.","[""Mia"", ""Dan"", ""Iris""]",Dan,Compare each speaker’s stated opinion and match only the person who expresses the target idea.,,,YangLingo Aptis fidelity upgrade,1,
reading,opinion_matching,Volunteering,B1,Who wants to apply existing skills? [OM12],"Lan: I volunteer because I want to meet people in my neighbourhood.
Eric: I choose projects where I can use my professional skills.
Sofia: Short one-day projects fit my schedule best.","[""Lan"", ""Eric"", ""Sofia""]",Eric,Compare each speaker’s stated opinion and match only the person who expresses the target idea.,,,YangLingo Aptis fidelity upgrade,1,
reading,opinion_matching,News,B1,Who checks information across sources? [OM13],"Tina: I compare several sources before I trust a story.
Mark: I prefer short summaries because I have little time.
Liu: Local news matters most because it affects daily life.","[""Tina"", ""Mark"", ""Liu""]",Tina,Compare each speaker’s stated opinion and match only the person who expresses the target idea.,,,YangLingo Aptis fidelity upgrade,1,
reading,opinion_matching,Music,B1,Who focuses on details in recorded music? [OM14],"Grace: Live concerts are exciting because the audience shares the moment.
Ilan: Headphones help me notice details in recordings.
Pia: I use music mainly to relax after work.","[""Grace"", ""Ilan"", ""Pia""]",Ilan,Compare each speaker’s stated opinion and match only the person who expresses the target idea.,,,YangLingo Aptis fidelity upgrade,1,
reading,opinion_matching,City Parks,B1,Who mainly uses parks for running? [OM15],"Amir: Parks need more shaded seating for hot days.
Belle: Play areas are important for families with young children.
Chen: I value paths where I can run safely away from traffic.","[""Amir"", ""Belle"", ""Chen""]",Chen,Compare each speaker’s stated opinion and match only the person who expresses the target idea.,,,YangLingo Aptis fidelity upgrade,1,
reading,heading_matching,Heading Matching,B1,Choose the best heading for this paragraph. [HM1],A library introduced self-service machines so visitors can borrow and return books without waiting at the desk.,"[""A faster way to borrow books"", ""More choice for evening learners"", ""A second life for old electronics"", ""Less waiting at lunchtime""]",A faster way to borrow books,"Choose the heading that captures the paragraph’s main purpose, not just one detail.",,,YangLingo Aptis fidelity upgrade,1,
reading,heading_matching,Heading Matching,B1,Choose the best heading for this paragraph. [HM2],"Residents collect unwanted furniture, repair usable items and offer them to families who need them.","[""Turning waste into a community resource"", ""Technology makes appointments simpler"", ""Making museums easier to understand"", ""Protecting a popular natural area""]",Turning waste into a community resource,"Choose the heading that captures the paragraph’s main purpose, not just one detail.",,,YangLingo Aptis fidelity upgrade,1,
reading,heading_matching,Heading Matching,B1,Choose the best heading for this paragraph. [HM3],A railway company created a carriage where phone calls and loud conversations are discouraged.,"[""A quiet solution for busy commuters"", ""A market supports local producers"", ""Flexible work without losing teamwork"", ""A faster way to borrow books""]",A quiet solution for busy commuters,"Choose the heading that captures the paragraph’s main purpose, not just one detail.",,,YangLingo Aptis fidelity upgrade,1,
reading,heading_matching,Heading Matching,B1,Choose the best heading for this paragraph. [HM4],Students practise language skills by volunteering at an information desk for international visitors.,"[""Learning while helping others"", ""Safer journeys after dark"", ""Sharing skills across generations"", ""Turning waste into a community resource""]",Learning while helping others,"Choose the heading that captures the paragraph’s main purpose, not just one detail.",,,YangLingo Aptis fidelity upgrade,1,
reading,heading_matching,Heading Matching,B1,Choose the best heading for this paragraph. [HM5],An office installed motion-sensor lights and reminded staff to switch off unused equipment.,"[""Small changes reduce energy use"", ""A second life for old electronics"", ""Less waiting at lunchtime"", ""A quiet solution for busy commuters""]",Small changes reduce energy use,"Choose the heading that captures the paragraph’s main purpose, not just one detail.",,,YangLingo Aptis fidelity upgrade,1,
reading,heading_matching,Heading Matching,B1,Choose the best heading for this paragraph. [HM6],A college moved several popular classes to later times after surveying working students.,"[""More choice for evening learners"", ""Making museums easier to understand"", ""Protecting a popular natural area"", ""Learning while helping others""]",More choice for evening learners,"Choose the heading that captures the paragraph’s main purpose, not just one detail.",,,YangLingo Aptis fidelity upgrade,1,
reading,heading_matching,Heading Matching,B1,Choose the best heading for this paragraph. [HM7],Patients can now choose clinic appointment times through a secure website instead of calling reception.,"[""Technology makes appointments simpler"", ""Flexible work without losing teamwork"", ""A faster way to borrow books"", ""Small changes reduce energy use""]",Technology makes appointments simpler,"Choose the heading that captures the paragraph’s main purpose, not just one detail.",,,YangLingo Aptis fidelity upgrade,1,
reading,heading_matching,Heading Matching,B1,Choose the best heading for this paragraph. [HM8],A weekly market gives nearby farmers and small food businesses a low-cost place to sell directly to customers.,"[""A market supports local producers"", ""Sharing skills across generations"", ""Turning waste into a community resource"", ""More choice for evening learners""]",A market supports local producers,"Choose the heading that captures the paragraph’s main purpose, not just one detail.",,,YangLingo Aptis fidelity upgrade,1,
reading,heading_matching,Heading Matching,B1,Choose the best heading for this paragraph. [HM9],The town added brighter lighting and emergency contact points along a frequently used walking route.,"[""Safer journeys after dark"", ""Less waiting at lunchtime"", ""A quiet solution for busy commuters"", ""Technology makes appointments simpler""]",Safer journeys after dark,"Choose the heading that captures the paragraph’s main purpose, not just one detail.",,,YangLingo Aptis fidelity upgrade,1,
reading,heading_matching,Heading Matching,B1,Choose the best heading for this paragraph. [HM10],A repair project teaches people to replace simple parts instead of throwing devices away.,"[""A second life for old electronics"", ""Protecting a popular natural area"", ""Learning while helping others"", ""A market supports local producers""]",A second life for old electronics,"Choose the heading that captures the paragraph’s main purpose, not just one detail.",,,YangLingo Aptis fidelity upgrade,1,
reading,heading_matching,Heading Matching,B1,Choose the best heading for this paragraph. [HM11],A museum rewrote exhibit labels using shorter sentences and added clear diagrams for complex ideas.,"[""Making museums easier to understand"", ""A faster way to borrow books"", ""Small changes reduce energy use"", ""Safer journeys after dark""]",Making museums easier to understand,"Choose the heading that captures the paragraph’s main purpose, not just one detail.",,,YangLingo Aptis fidelity upgrade,1,
reading,heading_matching,Heading Matching,B1,Choose the best heading for this paragraph. [HM12],A company allows remote work but schedules regular team days for planning and collaboration.,"[""Flexible work without losing teamwork"", ""Turning waste into a community resource"", ""More choice for evening learners"", ""A second life for old electronics""]",Flexible work without losing teamwork,"Choose the heading that captures the paragraph’s main purpose, not just one detail.",,,YangLingo Aptis fidelity upgrade,1,
reading,heading_matching,Heading Matching,B1,Choose the best heading for this paragraph. [HM13],Teenagers teach older residents basic smartphone skills while older residents lead practical craft sessions.,"[""Sharing skills across generations"", ""A quiet solution for busy commuters"", ""Technology makes appointments simpler"", ""Making museums easier to understand""]",Sharing skills across generations,"Choose the heading that captures the paragraph’s main purpose, not just one detail.",,,YangLingo Aptis fidelity upgrade,1,
reading,heading_matching,Heading Matching,B1,Choose the best heading for this paragraph. [HM14],A cafeteria introduced online pre-orders so customers can collect meals from a separate counter.,"[""Less waiting at lunchtime"", ""Learning while helping others"", ""A market supports local producers"", ""Flexible work without losing teamwork""]",Less waiting at lunchtime,"Choose the heading that captures the paragraph’s main purpose, not just one detail.",,,YangLingo Aptis fidelity upgrade,1,
reading,heading_matching,Heading Matching,B1,Choose the best heading for this paragraph. [HM15],Visitors to a lakeside trail are asked to stay on marked paths while volunteers restore damaged plants.,"[""Protecting a popular natural area"", ""Small changes reduce energy use"", ""Safer journeys after dark"", ""Sharing skills across generations""]",Protecting a popular natural area,"Choose the heading that captures the paragraph’s main purpose, not just one detail.",,,YangLingo Aptis fidelity upgrade,1,
