Sheet,STT,Từ vựng / Cụm từ,Phiên âm,Ý nghĩa,Ví dụ
Eye-controlled action,1,Review,/rɪˈvjuː/,"Xem xét, duyệt lại",She is reviewing a document.
Eye-controlled action,2,Examine,/ɪɡˈzæmɪn/,"Khảo sát, kiểm tra kỹ",A scientist is examining a sample.
Eye-controlled action,3,Look at,/lʊk æt/,Nhìn vào,He is looking at the monitor.
Eye-controlled action,4,Stare at,/steər æt/,Nhìn chằm chằm,The men are staring at each other.
Eye-controlled action,5,Leaf through,/liːf θruː/,Lật giở lướt qua,She is leafing through a magazine.
Eye-controlled action,6,Face each other,/feɪs iːtʃ ˈʌðər/,Đối mặt nhau,Two men are facing each other across the table.
Eye-controlled action,7,Inspect,/ɪnˈspekt/,"Thanh tra, kiểm tra chi tiết",An engineer is inspecting the engine parts.
Eye-controlled action,8,Browse,/braʊz/,"Xem lướt, xem hàng",Customers are browsing the merchandise in the shop.
Eye-controlled action,9,Gaze at,/ɡeɪz æt/,"Nhìn chăm chú, ngắm nhìn",A woman is gazing at the artwork on the wall.
Eye-controlled action,10,Admire,/ədˈmaɪər/,Chiêm ngưỡng,Tourists are admiring the view of the harbor.
Eye-controlled action,11,Glance at,/ɡlɑːns æt/,Liếc nhìn nhanh,He is glancing at his wristwatch.
Eye-controlled action,12,Scrutinize,/ˈskruːtənaɪz/,"Soi kỹ, nghiên cứu cẩn thận",She is scrutinizing the blueprint on the table.
Manual operation,1,Hold / Hold on to,/həʊld ɒn tuː/,"Cầm, nắm, bám chặt vào",Some people are holding on to the railing.
Manual operation,2,Reach for,/riːtʃ fɔːr/,Với tay lấy,She is reaching for a lamp.
Manual operation,3,Push,/pʊʃ/,Đẩy,Some shoppers are pushing carts.
Manual operation,4,Pull,/pʊl/,Kéo,Travelers are pulling their suitcases.
Manual operation,5,Point at,/pɔɪnt æt/,Chỉ tay vào,A man is pointing at a painting.
Manual operation,6,Gesture,/ˈdʒestʃər/,Ra hiệu bằng tay,He is gesturing with his hands during the talk.
Manual operation,7,Take down,/teɪk daʊn/,"Gỡ xuống, tháo xuống",They are taking down a banner from the wall.
Manual operation,8,Arrange,/əˈreɪndʒ/,"Sắp xếp, cắm (hoa)",Flowers are being arranged in a vase.
Manual operation,9,Chop up,/tʃɒp ʌp/,"Chặt nhỏ, thái vụn",They are chopping up some vegetables.
Manual operation,10,Hammer,/ˈhæmər/,"Đóng búa, nện",A carpenter is hammering a nail into the board.
Manual operation,11,Polish,/ˈpɒlɪʃ/,Đánh bóng,A man is polishing some boots.
Manual operation,12,Display,/dɪˈspleɪ/,Trưng bày,A merchant is displaying some items on the shelf.
Manual operation,13,Roll up,/rəʊl ʌp/,"Xắn lên, cuộn lại",He is rolling up his sleeves.
Manual operation,14,Hand,/hænd/,"Đưa, trao tay",A man is handing money to a cashier.
Manual operation,15,Load,/ləʊd/,"Bốc, chất hàng lên",Workers are loading some packages into a truck.
Manual operation,16,Unload,/ʌnˈləʊd/,Dỡ hàng xuống,Some men are unloading cargo from the vessel.
Manual operation,17,Wheel,/wiːl/,Đẩy xe có bánh,They are wheeling the cart into the room.
Manual operation,18,Water,/ˈwɔːtər/,Tưới nước,She is watering a potted plant.
Manual operation,19,Pack,/pæk/,Đóng gói,A traveler is packing a suitcase.
Manual operation,20,Install,/ɪnˈstɔːl/,Lắp đặt,He is installing a bookshelf in the office.
Manual operation,21,Trim,/trɪm/,Cắt tỉa,A gardener is trimming the bushes.
Manual operation,22,Mop,/mɒp/,Lau sàn,A custodian is mopping the floor.
Manual operation,23,Sweep,/swiːp/,Quét dọn,A worker is sweeping the pavement with a broom.
Manual operation,24,Fasten,/ˈfɑːsn/,"Cài, thắt chặt",The passenger is fastening his seatbelt.
Manual operation,25,Grasp / Grip,/ɡrɑːsp/ - /ɡrɪp/,"Nắm chặt, túm lấy",She is grasping the handle of the briefcase.
Manual operation,26,Stack,/stæk/,Xếp chồng lên,The clerk is stacking plastic crates in the corner.
Manual operation,27,Unroll,/ʌnˈrəʊl/,Mở/trải cuộn ra,They are unrolling a large blueprint on the desk.
Manual operation,28,Assemble,/əˈsembl/,Lắp ráp,Technicians are assembling some electronic components.
Manual operation,29,Operate,/ˈɒpəreɪt/,Vận hành máy móc,A worker is operating heavy machinery.
Manual operation,30,Adjust,/əˈdʒʌst/,Điều chỉnh,He is adjusting the focus on the microscope.
Manual operation,31,Distribute,/dɪˈstrɪbjuːt/,Phân phát,She is distributing handouts to the attendees.
Manual operation,32,Fold,/fəʊld/,Gấp lại,A clerk is folding blankets on the display table.
Manual operation,33,Wipe,/waɪp/,Lau chùi,The waiter is wiping the countertop with a cloth.
"Movement, Sports & Posture",1,Sit across from,/sɪt əˈkrɒs frɒm/,Ngồi đối diện với,They are sitting across from each other.
"Movement, Sports & Posture",2,Lie down / Lie on,/laɪ daʊn/,Nằm xuống / Nằm trên,A man is lying down on a sofa.
"Movement, Sports & Posture",3,Lean against,/liːn əˈɡenst/,"Dựa, tựa lưng vào",The men are leaning against a fence.
"Movement, Sports & Posture",4,Rest,/rest/,Nghỉ ngơi,Some women are resting under a shade tree.
"Movement, Sports & Posture",5,Hike,/haɪk/,Đi bộ đường dài,Hikers are trekking along a mountain trail.
"Movement, Sports & Posture",6,Ride,/raɪd/,"Cưỡi, lái xe",The men are riding horses along the coast.
"Movement, Sports & Posture",7,Stroll,/strəʊl/,Đi dạo thong thả,People are strolling through the botanical garden.
"Movement, Sports & Posture",8,Cross,/krɒs/,Băng qua đường,Pedestrians are crossing at the intersection.
"Movement, Sports & Posture",9,Board,/bɔːd/,Lên tàu/xe/máy bay,Passengers are boarding a commuter train.
"Movement, Sports & Posture",10,Get off,/ɡet ɒf/,Xuống tàu/xe,Some men are getting off a bus.
"Movement, Sports & Posture",11,Walk up / Ascend,/əˈsend/,Đi lên (cầu thang),She is ascending the flight of stairs.
"Movement, Sports & Posture",12,Descend,/dɪˈsend/,Đi xuống (cầu thang),She is descending the staircase carefully.
"Movement, Sports & Posture",13,Lean over,/liːn ˈəʊvər/,Cúi người qua,A chef is leaning over the counter to serve food.
"Movement, Sports & Posture",14,Kneel down,/niːl daʊn/,Quỳ gối xuống,A landscaper is kneeling down on the lawn.
"Movement, Sports & Posture",15,Crouch / Squat,/kraʊtʃ/ - /skwɒt/,"Ngồi xổm, khom người",He is crouching down to inspect the tire.
"Movement, Sports & Posture",16,Disembark,/ˌdɪsɪmˈbɑːk/,"Xuống (tàu thuyền, máy bay)",Passengers are disembarking from the ferry.
"Movement, Sports & Posture",17,Embark,/ɪmˈbɑːk/,Lên tàu/thuyền,Commuters are embarking onto the vessel.
"Movement, Sports & Posture",18,Bend down,/bend daʊn/,Cúi gập người,She is bending down to pick up a dropped folder.
"Movement, Sports & Posture",19,Disperse,/dɪˈspɜːs/,"Giải tán, tản ra",The crowd is dispersing after the concert ended.
"Movement, Sports & Posture",20,Gather,/ˈɡæðər/,Tập trung lại,Audience members are gathering around the performer.
Clothing & Daily Life,1,Wear,/weər/,Đang mặc/đeo (trạng thái),He is wearing a suit and tie.
Clothing & Daily Life,2,Put on,/pʊt ɒn/,"Mặc vào, xỏ vào (hành động)",She is putting on protective glasses.
Clothing & Daily Life,3,Try on,/traɪ ɒn/,"Mặc thử, đi thử",A man is trying on a pair of leather shoes.
Clothing & Daily Life,4,Change clothes,/tʃeɪndʒ kləʊðz/,Thay trang phục,She is changing clothes in the dressing room.
Clothing & Daily Life,5,Prepare a meal,/prɪˈpeər ə miːl/,"Nấu nướng, chuẩn bị bữa ăn",She is preparing her meal on the counter.
Clothing & Daily Life,6,Have dessert,/hæv dɪˈzɜːt/,Ăn món tráng miệng,She is having some dessert at the cafe.
Clothing & Daily Life,7,Boil,/bɔɪl/,Đun sôi,They are boiling water on a stove.
Clothing & Daily Life,8,Perform,/pəˈfɔːm/,Trình diễn,Musicians are performing indoors on stage.
Clothing & Daily Life,9,Pay for,/peɪ fɔːr/,Thanh toán tiền,A woman is paying for some groceries.
Clothing & Daily Life,10,Fasten,/ˈfɑːsn/,"Cài nút, khóa lại",The attendant is fastening her vest.
Clothing & Daily Life,11,Button / Unbutton,/ˈbʌtn/ - /ʌnˈbʌtn/,Cài cúc / Mở cúc,He is buttoning up his overcoat.
Clothing & Daily Life,12,Slip on / Slip off,/slɪp ɒn/ - /slɪp ɒf/,Xỏ nhanh vào / Tháo tuột ra,The runner is slipping on his sneakers.
Clothing & Daily Life,13,Sip,/sɪp/,Nhấp từng ngụm,A patron is sipping a hot beverage.
Clothing & Daily Life,14,Sample,/ˈsɑːmpl/,Nếm thử đồ ăn,Shoppers are sampling food at a market stall.
Clothing & Daily Life,15,Dine,/daɪn/,Dùng bữa,Guests are dining on an outdoor patio.
Objects & Equipment,1,Apron,/ˈeɪprən/,Tạp dề,They are wearing protective aprons.
Objects & Equipment,2,Safety helmet / Hard hat,/ˈseɪfti ˈhelmɪt/,Mũ bảo hộ công trình,A worker is putting on a safety helmet.
Objects & Equipment,3,Suit and tie,/suːt ænd taɪ/,Bộ vest và cà vạt,The executive is dressed in a suit and tie.
Objects & Equipment,4,Boots,/buːts/,"Đôi ủng, bốt bảo hộ",A man is polishing some heavy boots.
Objects & Equipment,5,Cart / Trolley,/kɑːt/ - /ˈtrɒli/,Xe đẩy hàng,They are wheeling the loaded cart.
Objects & Equipment,6,Tray,/treɪ/,Khay bê đồ ăn,The servers are carrying trays to a sink.
Objects & Equipment,7,Sink,/sɪŋk/,Bồn rửa,Dishes are stacked inside the kitchen sink.
Objects & Equipment,8,Stove,/stəʊv/,Bếp nấu,Pots have been placed on the stove.
Objects & Equipment,9,Shelf / Bookshelf,/ʃelf/ - /ˈbʊkʃelf/,Kệ / Giá sách,He is taking a book off the shelf.
Objects & Equipment,10,Nail,/neɪl/,Cây đinh,A man is hammering a nail into the wood.
Objects & Equipment,11,Suitcase / Luggage,/ˈsuːtkeɪs/ - /ˈlʌɡɪdʒ/,Vali / Hành lý,Suitcases are lined up in the terminal.
Objects & Equipment,12,Package / Parcel,/ˈpækɪdʒ/ - /ˈpɑːsl/,"Kiện hàng, bưu kiện",They are loading some packages into a van.
Objects & Equipment,13,Office equipment,/ˈɒfɪs ɪˈkwɪpmənt/,Máy móc văn phòng,A technician is servicing the office equipment.
Objects & Equipment,14,Furniture,/ˈfɜːnɪtʃər/,Đồ nội thất,The workers are moving some office furniture.
Objects & Equipment,15,Railing / Handrail,/ˈreɪlɪŋ/ - /ˈhændreɪl/,"Lan can, tay vịn",Some people are holding on to the railing.
Objects & Equipment,16,Label,/ˈleɪbl/,"Nhãn dán, mác",Labels have been attached to the garments.
Objects & Equipment,17,Vase,/vɑːz/,Bình/lọ hoa,Flowers are being arranged in a ceramic vase.
Objects & Equipment,18,Projector,/prəˈdʒektər/,Máy chiếu,A projector is mounted to the ceiling.
Objects & Equipment,19,Parasol,/ˈpærəsɒl/,Dù lớn che nắng,Parasols have been set up along the beach.
Objects & Equipment,20,Beach towel,/biːtʃ ˈtaʊəl/,Khăn tắm biển,Beach towels have been draped over the chairs.
Objects & Equipment,21,Stepladder / Ladder,/ˈsteplædər/ - /ˈlædər/,Thang gấp / Thang leo,A painter is standing on a stepladder.
Objects & Equipment,22,Wheelbarrow,/ˈwiːlbærəʊ/,Xe rùa (chở đất/đá),A wheelbarrow is filled with gardening soil.
Objects & Equipment,23,Lamppost / Streetlight,/ˈlæmppəʊst/,Cột đèn đường,Bicycles are chained to a metal lamppost.
Objects & Equipment,24,Hydrant,/ˈhaɪdrənt/,Trụ cứu hỏa,A vehicle is parked next to a fire hydrant.
Objects & Equipment,25,Scaffolding,/ˈskæfəldɪŋ/,Giàn giáo xây dựng,Workers are climbing the construction scaffolding.
Objects & Equipment,26,Display case / Showcase,/ˈdɪspleɪ keɪs/,Tủ kính trưng bày,Jewelry is exhibited inside a display case.
Objects & Equipment,27,Conveyor belt,/kənˈveɪə belt/,Băng chuyền,Suitcases are moving along a conveyor belt.
Objects & Equipment,28,Planter / Flowerpot,/ˈplɑːntər/,Chậu cây cảnh,Flowerpots have been arranged along the patio.
Scenes & Surroundings,1,Crosswalk,/ˈkrɒswɔːk/,Vạch qua đường,Cars have stopped at the crosswalk.
Scenes & Surroundings,2,Intersection / Junction,/ˌɪntəˈsekʃn/ - /ˈdʒʌŋkʃn/,"Giao lộ, ngã tư",A truck has stopped at an intersection.
Scenes & Surroundings,3,Lobby / Foyer,/ˈlɒbi/ - /ˈfɔɪeɪ/,"Tiền sảnh, sảnh chờ",Some suitcases are lined up in the lobby.
Scenes & Surroundings,4,Scenery,/ˈsiːnəri/,Phong cảnh tổng thể,Tourists are taking pictures of the scenery.
Scenes & Surroundings,5,Fence,/fens/,Hàng rào bao quanh,The men are leaning against a wooden fence.
Scenes & Surroundings,6,Pavement / Sidewalk,/ˈpeɪvmənt/ - /ˈsaɪdwɔːk/,Vỉa hè,Pedestrians are walking along the pavement.
Scenes & Surroundings,7,Pier / Dock / Wharf,/pɪər/ - /dɒk/ - /wɔːf/,"Cầu cảng, bến tàu",Boats are tied up at the pier.
Scenes & Surroundings,8,Harbor / Port,/ˈhɑːbər/ - /pɔːt/,Bến cảng lớn,A cargo vessel is docking at the harbor.
Scenes & Surroundings,9,Courtyard / Patio,/ˈkɔːtjɑːd/ - /ˈpætiəʊ/,Sân trong / Hiên sau,Dining tables are set up in the courtyard.
Scenes & Surroundings,10,Construction site,/kənˈstrʌkʃn saɪt/,Công trường xây dựng,Heavy machinery is operating on the construction site.
Scenes & Surroundings,11,Aisle,/aɪl/,Lối đi giữa các dãy ghế/kệ,A cart is blocking the supermarket aisle.
Scenes & Surroundings,12,Plaza / Square,/ˈplɑːzə/ - /skweər/,Quảng trường,Statues are situated in the center of the plaza.
Scenes & Surroundings,13,Curb,/kɜːb/,Mép vỉa hè,A taxi is pulled over next to the curb.
Object States & Arrangements,1,Be surrounded by,/səˈraʊndɪd baɪ/,Được bao quanh bởi,A circular table is surrounded by chairs.
Object States & Arrangements,2,Be lined up,/laɪnd ʌp/,Được xếp thành hàng,Some suitcases are lined up in the hallway.
Object States & Arrangements,3,In a row,/ɪn ə rəʊ/,Thành một hàng thẳng,Some machines are placed in a row.
Object States & Arrangements,4,Be attached to,/əˈtætʃt tuː/,Được gắn chặt vào,A projector is attached to the ceiling.
Object States & Arrangements,5,Be positioned upside down,/pəˈzɪʃnd ˈʌpsaɪd daʊn/,Được đặt úp ngược,Some chairs are positioned upside down.
Object States & Arrangements,6,Be left open,/left ˈəʊpən/,Được để mở,A storage room door has been left open.
Object States & Arrangements,7,Be piled (up),/paɪld ʌp/,"Được chất đống, xếp chồng",Some boxes have been piled next to a desk.
Object States & Arrangements,8,Be parked on / next to,/pɑːkt/,"Được đỗ, đậu xe",Cars are parked on one side of the road.
Object States & Arrangements,9,Be hung on,/hʌŋ ɒn/,Được treo trên,A decorative painting is hung on the wall.
Object States & Arrangements,10,Be propped against,/prɒpt əˈɡenst/,"Được dựng nghiêng, dựa vào",A wooden ladder is propped against the shed.
Object States & Arrangements,11,Be mounted on,/ˈmaʊntɪd ɒn/,Được lắp cố định trên,Light fixtures are mounted on the brick wall.
Object States & Arrangements,12,Be scattered across,/ˈskætəd əˈkrɒs/,Bị rải rác khắp nơi,Fallen leaves are scattered across the walkway.
Object States & Arrangements,13,Be stacked on top of,/stækt ɒn tɒp ɒv/,Được xếp chồng lên trên,Plates are stacked on top of one another.
Object States & Arrangements,14,Be situated / located,/ˈsɪtʃueɪtɪd/,"Tọa lạc, nằm ở vị trí",A bench is situated beside the flowerbed.
Object States & Arrangements,15,Be displayed for sale,/dɪˈspleɪd fɔː seɪl/,Được bày bán,Fresh produce is displayed for sale outdoors.
Object States & Arrangements,16,Be suspended from,/səˈspendɪd frɒm/,Được treo lơ lửng từ,Chardeliers are suspended from the high ceiling.
Object States & Arrangements,17,Be docked at,/dɒkt æt/,Được neo đậu tại bến,Several yachts are docked at the marina.
Object States & Arrangements,18,Be unoccupied / vacant,/ˌʌnˈɒkjupaɪd/,"Trống rỗng, không người ngồi",All the seats in the lounge are unoccupied.
Object States & Arrangements,19,Be partially shaded,/ˈpɑːʃəli ˈʃeɪdɪd/,Được che bóng một phần,The outdoor patio is partially shaded by an awning.
Object States & Arrangements,20,Be cordoned off,/ˈkɔːdnd ɒf/,Bị chăng dây phong tỏa,The road section has been cordoned off with cones.
