category,title,pattern,meaning_vi,grammar_note,example_en,example_vi,cloze_question,correct_answer,distractors,toeic_part,difficulty,tags,sort_order
CORE_STRUCTURE,There is / There are,There is/are + N + place/time,có / tồn tại,Dùng there is với danh từ số ít/không đếm được; there are với danh từ số nhiều.,There are several openings in the marketing department.,Có một số vị trí tuyển dụng trong bộ phận marketing.,There ____ several openings in the marketing department.,are,is||be||has,5,2,"daily-high,toeic-high,foundation",900
CORE_STRUCTURE,It takes ... to do,It takes + person + time + to V,mất bao lâu để làm gì,Dùng để nói thời gian cần thiết để hoàn thành việc gì.,It takes new employees two weeks to complete the training.,Nhân viên mới mất hai tuần để hoàn thành khóa đào tạo.,It ____ new employees two weeks to complete the training.,takes,spends||uses||needs,5,2,"daily-high,toeic-high,foundation",910
CORE_STRUCTURE,It is + adjective + to V,It is + adjective + to V,thật ... khi làm gì,Mẫu đánh giá một hành động bằng tính từ.,It is important to verify the reservation details.,Điều quan trọng là phải xác minh thông tin đặt chỗ.,It is important ____ the reservation details.,to verify,verifying||verify||verified,5,2,"daily-high,toeic-high,foundation",920
CORE_STRUCTURE,It is + adjective + that clause,It is + adjective + that + S + V,thật ... rằng / việc ... là ...,Dùng để đánh giá cả một mệnh đề.,It is likely that prices will increase next quarter.,Có khả năng giá sẽ tăng trong quý tới.,It is likely ____ prices will increase next quarter.,that,to||of||for,5,2,"daily-high,toeic-high,foundation",930
CORE_STRUCTURE,seem to do,S + seem(s) to + V,dường như làm gì,seem theo sau bởi to-infinitive.,The new software seems to improve productivity.,Phần mềm mới dường như cải thiện năng suất.,The new software seems ____ productivity.,to improve,improving||improve||improved,5,2,"daily-high,toeic-high,foundation",940
CORE_STRUCTURE,make someone do,make + O + bare V,khiến/đòi ai làm gì,Sau make ở chủ động dùng động từ nguyên mẫu không to.,The delay made the team revise the schedule.,Sự chậm trễ khiến nhóm phải điều chỉnh lịch trình.,The delay made the team ____ the schedule.,revise,to revise||revising||revised,5,2,"daily-high,toeic-high,foundation",950
CORE_STRUCTURE,let someone do,let + O + bare V,cho phép ai làm gì,Sau let dùng bare infinitive.,The supervisor let us leave early.,Người giám sát cho chúng tôi về sớm.,The supervisor let us ____ early.,leave,to leave||leaving||left,5,2,"daily-high,toeic-high,foundation",960
CORE_STRUCTURE,have something done,have + O + past participle,nhờ/thuê ai làm việc gì cho mình,Causative have: chủ ngữ sắp xếp để việc được thực hiện.,We had the air conditioner repaired yesterday.,Hôm qua chúng tôi đã cho sửa máy điều hòa.,We had the air conditioner ____ yesterday.,repaired,repair||repairing||to repair,5,2,"daily-high,toeic-high,foundation",970
CORE_STRUCTURE,get something done,get + O + past participle,sắp xếp/nhờ làm xong việc gì,Causative get thường thân mật hơn have.,The manager got the report printed before noon.,Quản lý đã cho in báo cáo trước buổi trưa.,The manager got the report ____ before noon.,printed,print||printing||to print,5,2,"daily-high,toeic-high,foundation",980
CORE_STRUCTURE,find it + adjective + to V,find it + adjective + to V,thấy việc gì ...,"it là tân ngữ giả, to-infinitive là nội dung thật.",Many users find it easy to navigate the new website.,Nhiều người dùng thấy trang web mới dễ điều hướng.,Many users find it easy ____ the new website.,to navigate,navigating||navigate||navigated,5,2,"daily-high,toeic-high,foundation",990
SUBJECT_VERB_AGREEMENT,each + singular verb,Each + singular noun + singular verb,mỗi ... + động từ số ít,Each luôn xem từng đối tượng riêng lẻ nên động từ chia số ít.,Each applicant is required to submit two references.,Mỗi ứng viên được yêu cầu nộp hai người tham chiếu.,Each applicant ____ required to submit two references.,is,are||were||have,5,2,"toeic-high,part5,grammar",1000
SUBJECT_VERB_AGREEMENT,every + singular verb,Every + singular noun + singular verb,mọi ... + động từ số ít,Every đi với danh từ số ít và động từ số ít.,Every employee receives an identification card.,Mỗi nhân viên nhận một thẻ nhận dạng.,Every employee ____ an identification card.,receives,receive||receiving||have received,5,2,"toeic-high,part5,grammar",1010
SUBJECT_VERB_AGREEMENT,each of + plural noun + singular verb,Each of + plural noun/pronoun + singular verb,mỗi một trong số ...,Chủ ngữ chính là each nên động từ số ít.,Each of the proposals has been reviewed.,Mỗi đề xuất đã được xem xét.,Each of the proposals ____ been reviewed.,has,have||are||were,5,2,"toeic-high,part5,grammar",1020
SUBJECT_VERB_AGREEMENT,one of + plural noun + singular verb,One of + plural noun + singular verb,một trong những ...,One là chủ ngữ nên động từ chính số ít.,One of the machines needs maintenance.,Một trong các máy cần bảo trì.,One of the machines ____ maintenance.,needs,need||needing||have needed,5,2,"toeic-high,part5,grammar",1030
SUBJECT_VERB_AGREEMENT,a number of + plural verb,A number of + plural noun + plural verb,một số nhiều ...,"A number of mang nghĩa several, dùng động từ số nhiều.",A number of customers have requested refunds.,Một số khách hàng đã yêu cầu hoàn tiền.,A number of customers ____ requested refunds.,have,has||is||was,5,2,"toeic-high,part5,grammar",1040
SUBJECT_VERB_AGREEMENT,the number of + singular verb,The number of + plural noun + singular verb,số lượng của ...,The number là chủ ngữ số ít.,The number of visitors has increased significantly.,Số lượng khách tham quan đã tăng đáng kể.,The number of visitors ____ increased significantly.,has,have||are||were,5,2,"toeic-high,part5,grammar",1050
SUBJECT_VERB_AGREEMENT,as well as does not change subject,S + as well as + N + verb agreeing with S,cũng như; động từ theo chủ ngữ chính,Cụm as well as không làm thay đổi số của chủ ngữ chính.,"The director, as well as the managers, is attending the event.","Giám đốc, cũng như các quản lý, đang tham dự sự kiện.","The director, as well as the managers, ____ attending the event.",is,are||were||have,5,2,"toeic-high,part5,grammar",1060
SUBJECT_VERB_AGREEMENT,either ... or agreement,Either A or B + verb agreeing with nearest subject,hoặc A hoặc B,"Với either...or, động từ thường hòa hợp với chủ ngữ gần nhất.",Either the supervisor or the technicians are available.,Hoặc người giám sát hoặc các kỹ thuật viên đang có mặt.,Either the supervisor or the technicians ____ available.,are,is||was||has,5,2,"toeic-high,part5,grammar",1070
SUBJECT_VERB_AGREEMENT,neither ... nor agreement,Neither A nor B + verb agreeing with nearest subject,không A cũng không B,Động từ thường hòa hợp với chủ ngữ gần nhất.,Neither the employees nor the manager was informed.,Cả nhân viên lẫn quản lý đều không được thông báo.,Neither the employees nor the manager ____ informed.,was,were||are||have,5,2,"toeic-high,part5,grammar",1080
SUBJECT_VERB_AGREEMENT,time and money as one amount,Amount/time/distance as one unit + singular verb,khoảng tiền/thời gian/quãng đường như một đơn vị,Một lượng được xem là một đơn vị thường dùng động từ số ít.,Five hundred dollars is enough for the deposit.,Năm trăm đô la là đủ cho khoản đặt cọc.,Five hundred dollars ____ enough for the deposit.,is,are||were||have,5,2,"toeic-high,part5,grammar",1090
WORD_FORM,article + adjective + noun,a/an/the + adjective + noun,mạo từ + tính từ + danh từ,Sau mạo từ có thể là tính từ bổ nghĩa rồi đến danh từ.,The company launched an innovative service.,Công ty đã ra mắt một dịch vụ sáng tạo.,The company launched an ____ service.,innovative,innovate||innovation||innovatively,5,2,"toeic-high,part5,official-sample-style",1200
WORD_FORM,possessive + adjective + noun,possessive + adjective + noun,tính từ sở hữu + tính từ + danh từ,Sau my/your/our/their... có thể có tính từ rồi danh từ.,Our annual report will be published tomorrow.,Báo cáo thường niên của chúng tôi sẽ được công bố ngày mai.,Our ____ report will be published tomorrow.,annual,annually||annualize||annuality,5,2,"toeic-high,part5,official-sample-style",1210
WORD_FORM,be + adjective,be/linking verb + adjective,động từ nối + tính từ,"Sau be, seem, become, remain thường cần tính từ làm bổ ngữ.",The instructions are clear and concise.,Hướng dẫn rõ ràng và súc tích.,The instructions are ____ and concise.,clear,clearly||clarity||clearing,5,2,"toeic-high,part5,official-sample-style",1220
WORD_FORM,linking verb + adjective,seem/become/remain + adjective,động từ nối + tính từ,Không dùng trạng từ để bổ nghĩa cho chủ ngữ sau linking verb.,Demand remains strong despite higher prices.,Nhu cầu vẫn mạnh dù giá cao hơn.,Demand remains ____ despite higher prices.,strong,strongly||strength||strengthen,5,2,"toeic-high,part5,official-sample-style",1230
WORD_FORM,verb + adverb,verb + adverb,động từ + trạng từ,Trạng từ thường bổ nghĩa cách thức cho động từ.,The staff responded quickly to the complaint.,Nhân viên đã phản hồi nhanh chóng khiếu nại.,The staff responded ____ to the complaint.,quickly,quick||quickness||quicken,5,2,"toeic-high,part5,official-sample-style",1240
WORD_FORM,adverb + adjective,adverb + adjective,trạng từ + tính từ,Trạng từ mức độ bổ nghĩa cho tính từ.,The new system is highly efficient.,Hệ thống mới có hiệu quả cao.,The new system is ____ efficient.,highly,high||height||higher,5,2,"toeic-high,part5,official-sample-style",1250
WORD_FORM,adjective + noun,adjective + noun,tính từ + danh từ,Tính từ thường đứng trước danh từ cần bổ nghĩa.,We need additional information before approval.,Chúng tôi cần thêm thông tin trước khi phê duyệt.,We need ____ information before approval.,additional,additionally||addition||add,5,2,"toeic-high,part5,official-sample-style",1260
WORD_FORM,noun as subject,Noun + verb,danh từ làm chủ ngữ,Vị trí trước động từ chính thường cần danh từ/cụm danh từ.,Attendance has increased this month.,Lượng người tham dự đã tăng trong tháng này.,____ has increased this month.,Attendance,Attend||Attentive||Attendingly,5,2,"toeic-high,part5,official-sample-style",1270
WORD_FORM,preposition + noun,preposition + noun phrase,giới từ + danh từ/cụm danh từ,"Sau giới từ cần N/NP hoặc V-ing, không dùng động từ nguyên mẫu.",The decision was made after careful consideration.,Quyết định được đưa ra sau khi cân nhắc kỹ.,The decision was made after careful ____.,consideration,consider||considerate||considerably,5,2,"toeic-high,part5,official-sample-style",1280
WORD_FORM,to + base verb,to + V,to-infinitive + động từ nguyên mẫu,"Khi to là dấu hiệu infinitive, theo sau là động từ nguyên mẫu.",The team plans to expand operations overseas.,Nhóm dự định mở rộng hoạt động ra nước ngoài.,The team plans to ____ operations overseas.,expand,expands||expanded||expansion,5,2,"toeic-high,part5,official-sample-style",1290
WORD_FORM,modal + base verb,modal + V,động từ khuyết thiếu + động từ nguyên mẫu,Sau can/may/must/should/will... dùng bare infinitive.,Applicants must provide proof of identity.,Ứng viên phải cung cấp giấy tờ chứng minh danh tính.,Applicants must ____ proof of identity.,provide,provides||provided||providing,5,2,"toeic-high,part5,official-sample-style",1300
WORD_FORM,have + past participle,have/has/had + past participle,thì hoàn thành,Sau trợ động từ have trong thì hoàn thành dùng V3.,The company has completed the renovation.,Công ty đã hoàn thành việc cải tạo.,The company has ____ the renovation.,completed,complete||completing||completion,5,2,"toeic-high,part5,official-sample-style",1310
WORD_FORM,be + past participle,be + past participle,cấu trúc bị động,Sau be trong câu bị động dùng V3.,The invoices were sent yesterday.,Các hóa đơn đã được gửi hôm qua.,The invoices were ____ yesterday.,sent,send||sending||sends,5,2,"toeic-high,part5,official-sample-style",1320
WORD_FORM,among those + past participle,among those + past participle + ...,trong số những người/vật được ...,Mẫu rút gọn thường gặp: those + past participle mang nghĩa bị động.,Among those selected were three senior analysts.,Trong số những người được chọn có ba chuyên viên phân tích cấp cao.,Among ____ selected were three senior analysts.,those,they||whose||who,5,2,"toeic-high,part5,official-sample-style",1330
TENSES,present simple for schedules,Present simple for schedules/timetables,hiện tại đơn cho lịch trình,Lịch cố định/schedule thường dùng hiện tại đơn dù nói về tương lai.,The train departs at 6:30 tomorrow morning.,Tàu khởi hành lúc 6:30 sáng mai.,The train ____ at 6:30 tomorrow morning.,departs,will departing||departed||is depart,5,2,"toeic-high,part5,part6,grammar",1400
TENSES,present simple for routines,S + V(s/es) for routines/facts,hiện tại đơn cho thói quen/sự thật,Dùng cho hoạt động lặp lại và sự thật chung.,The accounting department reviews expenses every Friday.,Phòng kế toán rà soát chi phí mỗi thứ Sáu.,The accounting department ____ expenses every Friday.,reviews,reviewed||is reviewing||has reviewed,5,2,"toeic-high,part5,part6,grammar",1410
TENSES,present continuous now,am/is/are + V-ing,hiện tại tiếp diễn,Dùng cho hành động đang diễn ra hoặc tình huống tạm thời.,The technicians are installing new equipment now.,Các kỹ thuật viên đang lắp thiết bị mới.,The technicians ____ new equipment now.,are installing,install||installed||have installed,5,2,"toeic-high,part5,part6,grammar",1420
TENSES,present perfect with since,have/has + V3 + since + point/clause,đã ... kể từ,Since thường chỉ mốc bắt đầu; hiện tại hoàn thành nối quá khứ với hiện tại.,Sales have increased since the campaign began.,Doanh số đã tăng kể từ khi chiến dịch bắt đầu.,Sales ____ since the campaign began.,have increased,increased||increase||are increasing,5,2,"toeic-high,part5,part6,grammar",1430
TENSES,present perfect with for,have/has + V3 + for + duration,đã ... trong khoảng,For + khoảng thời gian thường đi với hiện tại hoàn thành khi tình trạng còn tiếp diễn.,Ms. Tran has worked here for five years.,Cô Trần đã làm việc ở đây được năm năm.,Ms. Tran ____ here for five years.,has worked,worked||works||is working,5,2,"toeic-high,part5,part6,grammar",1440
TENSES,past simple finished time,V2 + finished past time,quá khứ đơn với thời gian đã kết thúc,Yesterday/last/ago thường yêu cầu quá khứ đơn.,The board approved the proposal last week.,Hội đồng đã phê duyệt đề xuất tuần trước.,The board ____ the proposal last week.,approved,has approved||approves||is approving,5,2,"toeic-high,part5,part6,grammar",1450
TENSES,past continuous when interrupted,was/were + V-ing when + past simple,đang ... thì ...,Dùng quá khứ tiếp diễn cho hành động nền và quá khứ đơn cho hành động xen vào.,We were discussing the budget when the call arrived.,Chúng tôi đang thảo luận ngân sách thì cuộc gọi đến.,We ____ the budget when the call arrived.,were discussing,discussed||have discussed||are discussing,5,2,"toeic-high,part5,part6,grammar",1460
TENSES,past perfect before another past,had + V3 before/by the time + past,đã ... trước một mốc quá khứ,Dùng cho hành động xảy ra trước một hành động quá khứ khác.,The guests had left before the storm began.,Các vị khách đã rời đi trước khi cơn bão bắt đầu.,The guests ____ before the storm began.,had left,have left||left||were leaving,5,2,"toeic-high,part5,part6,grammar",1470
TENSES,will for prediction/decision,will + V,sẽ,Dùng cho dự đoán hoặc quyết định tại thời điểm nói.,The new policy will take effect next month.,Chính sách mới sẽ có hiệu lực vào tháng tới.,The new policy ____ effect next month.,will take,takes taking||took||has taken,5,2,"toeic-high,part5,part6,grammar",1480
TENSES,be going to plan,be going to + V,sẽ/dự định,Dùng cho kế hoạch hoặc dự đoán dựa trên dấu hiệu.,The company is going to open a new branch.,Công ty dự định mở một chi nhánh mới.,The company is going to ____ a new branch.,open,opened||opening||opens,5,2,"toeic-high,part5,part6,grammar",1490
TENSES,future after when clause,"when/as soon as + present, will + V",mệnh đề thời gian tương lai dùng hiện tại,Không dùng will trong mệnh đề bắt đầu bằng when/as soon as để nói tương lai.,We will notify you as soon as the order arrives.,Chúng tôi sẽ thông báo ngay khi đơn hàng đến.,We will notify you as soon as the order ____.,arrives,will arrive||arrived||arriving,5,2,"toeic-high,part5,part6,grammar",1500
TENSES,future perfect by deadline,will have + V3 + by + future time,sẽ hoàn thành trước một mốc tương lai,Dùng khi hành động dự kiến hoàn tất trước mốc tương lai.,"By Friday, the team will have completed the audit.","Đến thứ Sáu, nhóm sẽ hoàn thành việc kiểm toán.","By Friday, the team ____ the audit.",will have completed,will complete||completed||has completed,5,2,"toeic-high,part5,part6,grammar",1510
TENSES,present perfect passive,have/has been + V3,hiện tại hoàn thành bị động,Nhấn mạnh kết quả đã được thực hiện đến hiện tại.,The meeting has been postponed until Monday.,Cuộc họp đã được hoãn đến thứ Hai.,The meeting ____ until Monday.,has been postponed,has postponed||was postpone||is postponing,5,2,"toeic-high,part5,part6,grammar",1520
TENSES,past passive,was/were + V3,quá khứ bị động,Dùng khi chủ ngữ nhận hành động trong quá khứ.,The contract was signed yesterday.,Hợp đồng đã được ký hôm qua.,The contract ____ yesterday.,was signed,signed||has sign||was signing,5,2,"toeic-high,part5,part6,grammar",1530
MODALS,must do,must + V,phải làm gì,Must diễn tả nghĩa vụ mạnh; theo sau là bare infinitive.,Visitors must wear identification badges.,Khách tham quan phải đeo thẻ nhận dạng.,Visitors must ____ identification badges.,wear,wears||wore||wearing,5,2,"toeic-high,daily-high,grammar",1600
MODALS,should do,should + V,nên làm gì,Should đưa lời khuyên hoặc kỳ vọng.,Employees should report safety concerns immediately.,Nhân viên nên báo cáo vấn đề an toàn ngay lập tức.,Employees should ____ safety concerns immediately.,report,reports||reported||reporting,5,2,"toeic-high,daily-high,grammar",1610
MODALS,may do,may + V,có thể,May diễn tả khả năng hoặc cho phép trang trọng.,The delivery may arrive earlier than expected.,Đơn giao hàng có thể đến sớm hơn dự kiến.,The delivery may ____ earlier than expected.,arrive,arrives||arrived||arriving,5,2,"toeic-high,daily-high,grammar",1620
MODALS,can do,can + V,có thể làm gì,Can diễn tả khả năng/khả năng có thể.,Customers can track orders online.,Khách hàng có thể theo dõi đơn hàng trực tuyến.,Customers can ____ orders online.,track,tracks||tracked||tracking,5,2,"toeic-high,daily-high,grammar",1630
MODALS,must be done,must be + V3,phải được làm,Modal passive: modal + be + past participle.,All forms must be submitted by noon.,Tất cả biểu mẫu phải được nộp trước buổi trưa.,All forms must be ____ by noon.,submitted,submit||submitting||submits,5,2,"toeic-high,daily-high,grammar",1640
MODALS,should be done,should be + V3,nên được làm,Dùng modal passive để đưa khuyến nghị cho hành động bị động.,The equipment should be inspected regularly.,Thiết bị nên được kiểm tra thường xuyên.,The equipment should be ____ regularly.,inspected,inspect||inspecting||inspects,5,2,"toeic-high,daily-high,grammar",1650
MODALS,should have done,should have + V3,đáng lẽ nên đã làm,Nói về việc nên xảy ra trong quá khứ nhưng có thể đã không xảy ra.,The supplier should have notified us earlier.,Nhà cung cấp đáng lẽ nên thông báo cho chúng tôi sớm hơn.,The supplier should have ____ us earlier.,notified,notify||notifying||notifies,5,2,"toeic-high,daily-high,grammar",1660
MODALS,may have done,may have + V3,có thể đã làm,Diễn tả khả năng về quá khứ.,The package may have arrived at the wrong office.,Gói hàng có thể đã đến nhầm văn phòng.,The package may have ____ at the wrong office.,arrived,arrive||arriving||arrives,5,2,"toeic-high,daily-high,grammar",1670
PREPOSITIONS,apply for,apply for + position/job/program,nộp đơn xin,Apply for đi với thứ bạn muốn xin/đăng ký.,She applied for the marketing position.,Cô ấy đã nộp đơn cho vị trí marketing.,She applied ____ the marketing position.,for,to||with||at,5,2,"toeic-high,business,collocation",1800
PREPOSITIONS,apply to,apply to + company/person/rule,nộp đơn tới / áp dụng cho,Apply to + tổ chức/người; rule applies to + đối tượng.,This policy applies to all employees.,Chính sách này áp dụng cho tất cả nhân viên.,This policy applies ____ all employees.,to,for||with||of,5,2,"toeic-high,business,collocation",1810
PREPOSITIONS,participate in,participate in + N,tham gia,Participate đi với in.,More than fifty employees participated in the workshop.,Hơn năm mươi nhân viên đã tham gia hội thảo.,Employees participated ____ the workshop.,in,at||on||for,5,2,"toeic-high,business,collocation",1820
PREPOSITIONS,depend on,depend on + N,phụ thuộc vào,Depend đi với on.,The final date depends on supplier availability.,Ngày cuối cùng phụ thuộc vào khả năng cung ứng của nhà cung cấp.,The final date depends ____ supplier availability.,on,in||at||for,5,2,"toeic-high,business,collocation",1830
PREPOSITIONS,comply with,comply with + rule/regulation,tuân thủ,Comply đi với with.,All contractors must comply with safety regulations.,Tất cả nhà thầu phải tuân thủ quy định an toàn.,All contractors must comply ____ safety regulations.,with,to||for||of,5,2,"toeic-high,business,collocation",1840
PREPOSITIONS,consist of,consist of + N,bao gồm / cấu thành từ,Consist đi với of và không dùng ở bị động.,The package consists of three separate services.,Gói dịch vụ gồm ba dịch vụ riêng biệt.,The package consists ____ three separate services.,of,in||with||from,5,2,"toeic-high,business,collocation",1850
PREPOSITIONS,result in,result in + result,dẫn đến kết quả,Result in + kết quả.,The upgrade resulted in faster processing times.,Việc nâng cấp dẫn đến thời gian xử lý nhanh hơn.,The upgrade resulted ____ faster processing times.,in,from||of||to,5,2,"toeic-high,business,collocation",1860
PREPOSITIONS,result from,result from + cause,là kết quả của nguyên nhân,Result from + nguyên nhân.,The delay resulted from a shipping error.,Sự chậm trễ là do lỗi vận chuyển.,The delay resulted ____ a shipping error.,from,in||of||to,5,2,"toeic-high,business,collocation",1870
PREPOSITIONS,contribute to,contribute to + N/V-ing,góp phần vào,To là giới từ nên theo sau N/V-ing.,Regular feedback contributes to improving service quality.,Phản hồi thường xuyên góp phần cải thiện chất lượng dịch vụ.,Regular feedback contributes to ____ service quality.,improving,improve||improved||to improve,5,2,"toeic-high,business,collocation",1880
PREPOSITIONS,succeed in,succeed in + V-ing,thành công trong việc,In là giới từ; theo sau V-ing nếu là hành động.,The team succeeded in reducing costs.,Nhóm đã thành công trong việc giảm chi phí.,The team succeeded in ____ costs.,reducing,reduce||to reduce||reduced,5,2,"toeic-high,business,collocation",1890
PREPOSITIONS,specialize in,specialize in + N/V-ing,chuyên về,Specialize đi với in.,The firm specializes in providing legal advice.,Công ty chuyên cung cấp tư vấn pháp lý.,The firm specializes in ____ legal advice.,providing,provide||to provide||provided,5,2,"toeic-high,business,collocation",1900
PREPOSITIONS,apologize for,apologize for + N/V-ing,xin lỗi về,For là giới từ.,We apologize for causing any inconvenience.,Chúng tôi xin lỗi vì đã gây bất tiện.,We apologize for ____ any inconvenience.,causing,cause||to cause||caused,5,2,"toeic-high,business,collocation",1910
PREPOSITIONS,thank someone for,thank + O + for + N/V-ing,cảm ơn ai vì,Cấu trúc phổ biến trong email công việc.,Thank you for attending the seminar.,Cảm ơn bạn đã tham dự hội thảo.,Thank you for ____ the seminar.,attending,attend||to attend||attended,5,2,"toeic-high,business,collocation",1920
PREPOSITIONS,be aware of,be aware of + N,nhận thức/biết về,Aware đi với of.,Customers should be aware of the cancellation policy.,Khách hàng nên biết chính sách hủy.,Customers should be aware ____ the cancellation policy.,of,for||to||with,5,2,"toeic-high,business,collocation",1930
PREPOSITIONS,be familiar with,be familiar with + N,quen thuộc với,Familiar đi với with.,All staff should be familiar with the emergency procedures.,Tất cả nhân viên nên quen với quy trình khẩn cấp.,All staff should be familiar ____ the procedures.,with,to||for||of,5,2,"toeic-high,business,collocation",1940
PREPOSITIONS,be eligible for,be eligible for + N,đủ điều kiện nhận/tham gia,Eligible for + noun; eligible to + verb.,Full-time employees are eligible for health benefits.,Nhân viên toàn thời gian đủ điều kiện hưởng phúc lợi y tế.,Full-time employees are eligible ____ health benefits.,for,to||with||of,5,2,"toeic-high,business,collocation",1950
PREPOSITIONS,be eligible to do,be eligible to + V,đủ điều kiện làm gì,Eligible to theo sau bởi động từ nguyên mẫu.,Members are eligible to receive a discount.,Thành viên đủ điều kiện nhận giảm giá.,Members are eligible ____ a discount.,to receive,receiving||receive||received,5,2,"toeic-high,business,collocation",1960
PREPOSITIONS,be satisfied with,be satisfied with + N,hài lòng với,Satisfied đi với with.,Most clients are satisfied with the new service.,Hầu hết khách hàng hài lòng với dịch vụ mới.,Clients are satisfied ____ the new service.,with,to||for||of,5,2,"toeic-high,business,collocation",1970
PREPOSITIONS,be concerned about,be concerned about + N/V-ing,lo ngại về,Concerned about dùng cho mối lo.,Residents are concerned about increasing traffic.,Người dân lo ngại về giao thông gia tăng.,Residents are concerned about ____ traffic.,increasing,increase||to increase||increased,5,2,"toeic-high,business,collocation",1980
PREPOSITIONS,be based on,be based on + N,dựa trên,Cụm bị động cố định.,The estimate is based on current market prices.,Ước tính dựa trên giá thị trường hiện tại.,The estimate is based ____ current market prices.,on,in||at||from,5,2,"toeic-high,business,collocation",1990
GERUND_INFINITIVE,enjoy doing,enjoy + V-ing,thích làm gì,Enjoy theo sau V-ing.,Many visitors enjoy exploring the historic district.,Nhiều du khách thích khám phá khu phố lịch sử.,Many visitors enjoy ____ the historic district.,exploring,explore||to explore||explored,5,2,"toeic-high,daily-high,verb-pattern",2100
GERUND_INFINITIVE,finish doing,finish + V-ing,hoàn thành việc,Finish theo sau V-ing.,Please finish reviewing the document by noon.,Vui lòng hoàn thành việc rà soát tài liệu trước buổi trưa.,Please finish ____ the document by noon.,reviewing,review||to review||reviewed,5,2,"toeic-high,daily-high,verb-pattern",2110
GERUND_INFINITIVE,postpone doing,postpone + V-ing,trì hoãn việc,Postpone theo sau N hoặc V-ing.,The company postponed launching the product.,Công ty đã hoãn việc ra mắt sản phẩm.,The company postponed ____ the product.,launching,launch||to launch||launched,5,2,"toeic-high,daily-high,verb-pattern",2120
GERUND_INFINITIVE,suggest doing,suggest + V-ing,đề nghị làm gì,Suggest thường theo sau V-ing hoặc that-clause.,The consultant suggested reducing unnecessary expenses.,Chuyên gia tư vấn đề nghị giảm chi phí không cần thiết.,The consultant suggested ____ unnecessary expenses.,reducing,reduce||to reduce||reduced,5,2,"toeic-high,daily-high,verb-pattern",2130
GERUND_INFINITIVE,recommend doing,recommend + V-ing,khuyến nghị làm gì,Recommend có thể theo sau V-ing hoặc that + base form.,We recommend booking your room in advance.,Chúng tôi khuyên nên đặt phòng trước.,We recommend ____ your room in advance.,booking,book||to book||booked,5,2,"toeic-high,daily-high,verb-pattern",2140
GERUND_INFINITIVE,keep doing,keep + V-ing,tiếp tục làm gì,Keep + V-ing diễn tả tiếp tục.,Please keep checking the website for updates.,Vui lòng tiếp tục kiểm tra trang web để cập nhật.,Please keep ____ the website for updates.,checking,check||to check||checked,5,2,"toeic-high,daily-high,verb-pattern",2150
GERUND_INFINITIVE,practice doing,practice + V-ing,luyện tập làm gì,Practice theo sau V-ing.,Trainees practice handling customer complaints.,Học viên luyện xử lý khiếu nại của khách hàng.,Trainees practice ____ customer complaints.,handling,handle||to handle||handled,5,2,"toeic-high,daily-high,verb-pattern",2160
GERUND_INFINITIVE,manage to do,manage to + V,xoay xở/thành công làm được,Manage theo sau to-infinitive.,The team managed to finish the project on time.,Nhóm đã xoay xở hoàn thành dự án đúng hạn.,The team managed ____ the project on time.,to finish,finishing||finish||finished,5,2,"toeic-high,daily-high,verb-pattern",2170
GERUND_INFINITIVE,fail to do,fail to + V,không làm được / không thực hiện,"Fail to thường gặp trong thông báo, quy định.",Applicants who fail to sign the form will be contacted.,Ứng viên không ký biểu mẫu sẽ được liên hệ.,Applicants who fail ____ the form will be contacted.,to sign,signing||sign||signed,5,2,"toeic-high,daily-high,verb-pattern",2180
GERUND_INFINITIVE,refuse to do,refuse to + V,từ chối làm gì,Refuse theo sau to-infinitive.,The supplier refused to accept the damaged goods.,Nhà cung cấp từ chối nhận hàng bị hư hỏng.,The supplier refused ____ the damaged goods.,to accept,accepting||accept||accepted,5,2,"toeic-high,daily-high,verb-pattern",2190
GERUND_INFINITIVE,offer to do,offer to + V,đề nghị làm gì,Offer to + V khi chủ ngữ đề nghị tự làm.,The technician offered to inspect the device.,Kỹ thuật viên đề nghị kiểm tra thiết bị.,The technician offered ____ the device.,to inspect,inspecting||inspect||inspected,5,2,"toeic-high,daily-high,verb-pattern",2200
GERUND_INFINITIVE,promise to do,promise to + V,hứa làm gì,Promise theo sau to-infinitive.,The contractor promised to complete the repairs by Friday.,Nhà thầu hứa hoàn thành việc sửa chữa trước thứ Sáu.,The contractor promised ____ the repairs by Friday.,to complete,completing||complete||completed,5,2,"toeic-high,daily-high,verb-pattern",2210
GERUND_INFINITIVE,afford to do,afford to + V,có đủ khả năng/điều kiện làm,Afford thường nói về tiền/thời gian/khả năng.,Small businesses cannot afford to ignore customer feedback.,Doanh nghiệp nhỏ không thể bỏ qua phản hồi khách hàng.,Small businesses cannot afford ____ customer feedback.,to ignore,ignoring||ignore||ignored,5,2,"toeic-high,daily-high,verb-pattern",2220
GERUND_INFINITIVE,be likely to do,be likely to + V,có khả năng sẽ,Likelihood pattern thường dùng trong business reports.,Demand is likely to increase during the holiday season.,Nhu cầu có khả năng tăng trong mùa lễ.,Demand is likely ____ during the holiday season.,to increase,increasing||increase||increased,5,2,"toeic-high,daily-high,verb-pattern",2230
GERUND_INFINITIVE,be willing to do,be willing to + V,sẵn lòng làm,Willing theo sau to-infinitive.,Our staff are willing to assist with special requests.,Nhân viên của chúng tôi sẵn lòng hỗ trợ các yêu cầu đặc biệt.,Our staff are willing ____ with special requests.,to assist,assisting||assist||assisted,5,2,"toeic-high,daily-high,verb-pattern",2240
OBJECT_INFINITIVE,advise someone to do,advise + O + to V,khuyên ai làm gì,Advise người nào + to-infinitive.,The consultant advised us to update the policy.,Chuyên gia tư vấn khuyên chúng tôi cập nhật chính sách.,The consultant advised us ____ the policy.,to update,updating||update||updated,5,2,"toeic-high,daily-high,verb-pattern",2300
OBJECT_INFINITIVE,invite someone to do,invite + O + to V,mời ai làm gì,Invite người nào + to-infinitive.,Employees are invited to attend the reception.,Nhân viên được mời tham dự buổi tiếp đón.,Employees are invited ____ the reception.,to attend,attending||attend||attended,5,2,"toeic-high,daily-high,verb-pattern",2310
OBJECT_INFINITIVE,permit someone to do,permit + O + to V,cho phép ai làm gì,Permit + object + to V; passive: be permitted to V.,The pass permits visitors to enter the secure area.,Thẻ cho phép khách vào khu vực an ninh.,The pass permits visitors ____ the secure area.,to enter,entering||enter||entered,5,2,"toeic-high,daily-high,verb-pattern",2320
OBJECT_INFINITIVE,enable someone to do,enable + O + to V,cho phép/tạo điều kiện cho ai làm,Enable + object + to V.,The new system enables staff to work remotely.,Hệ thống mới cho phép nhân viên làm việc từ xa.,The new system enables staff ____ remotely.,to work,working||work||worked,5,2,"toeic-high,daily-high,verb-pattern",2330
OBJECT_INFINITIVE,expect someone to do,expect + O + to V,mong/đòi hỏi ai làm,Expect + object + to V.,We expect suppliers to meet the deadline.,Chúng tôi mong các nhà cung cấp đáp ứng thời hạn.,We expect suppliers ____ the deadline.,to meet,meeting||meet||met,5,2,"toeic-high,daily-high,verb-pattern",2340
OBJECT_INFINITIVE,want someone to do,want + O + to V,muốn ai làm gì,Want + object + to V.,The manager wants everyone to review the guidelines.,Quản lý muốn mọi người xem lại hướng dẫn.,The manager wants everyone ____ the guidelines.,to review,reviewing||review||reviewed,5,2,"toeic-high,daily-high,verb-pattern",2350
OBJECT_INFINITIVE,cause someone to do,cause + O + to V,khiến ai/vật làm gì,Cause + object + to V.,The outage caused several machines to stop working.,Sự cố mất điện khiến một số máy ngừng hoạt động.,The outage caused several machines ____ working.,to stop,stopping||stop||stopped,5,2,"toeic-high,daily-high,verb-pattern",2360
OBJECT_INFINITIVE,help someone do,help + O + (to) V,giúp ai làm gì,Sau help có thể dùng bare infinitive hoặc to-infinitive.,This guide will help users understand the new process.,Hướng dẫn này sẽ giúp người dùng hiểu quy trình mới.,This guide will help users ____ the new process.,understand,understanding||understood||understands,5,2,"toeic-high,daily-high,verb-pattern",2370
PASSIVE_VOICE,be known for,be known for + N/V-ing,nổi tiếng/được biết đến vì,Known for + đặc điểm/thành tựu.,The hotel is known for providing excellent service.,Khách sạn nổi tiếng vì cung cấp dịch vụ xuất sắc.,The hotel is known for ____ excellent service.,providing,provide||to provide||provided,5,2,"toeic-high,business,passive",2500
PASSIVE_VOICE,be associated with,be associated with + N,có liên quan đến,Associated with là collocation bị động phổ biến.,Higher costs are associated with longer delivery times.,Chi phí cao hơn có liên quan đến thời gian giao hàng dài hơn.,Higher costs are associated ____ longer delivery times.,with,to||for||of,5,2,"toeic-high,business,passive",2510
PASSIVE_VOICE,be composed of,be composed of + N,được cấu thành từ,Composed of dùng để nói thành phần.,The committee is composed of eight members.,Ủy ban gồm tám thành viên.,The committee is composed ____ eight members.,of,with||from||in,5,2,"toeic-high,business,passive",2520
PASSIVE_VOICE,be intended for,be intended for + N,dành cho,Intended for + đối tượng/mục đích danh từ.,This entrance is intended for staff only.,Lối vào này chỉ dành cho nhân viên.,This entrance is intended ____ staff only.,for,to||with||of,5,2,"toeic-high,business,passive",2530
PASSIVE_VOICE,be intended to do,be intended to + V,được thiết kế/nhằm để làm,Intended to + hành động/mục đích.,The update is intended to improve security.,Bản cập nhật nhằm cải thiện bảo mật.,The update is intended ____ security.,to improve,improving||improve||improved,5,2,"toeic-high,business,passive",2540
PASSIVE_VOICE,be subject to,be subject to + N,chịu sự/tuân theo/có thể bị,"Cụm rất phổ biến trong điều khoản, chính sách.",Prices are subject to change without notice.,Giá có thể thay đổi mà không báo trước.,Prices are subject ____ change without notice.,to,for||with||of,5,2,"toeic-high,business,passive",2550
PASSIVE_VOICE,be accompanied by,be accompanied by + N,đi kèm với,"Dùng trong hướng dẫn, hồ sơ và mô tả.",The application must be accompanied by two photographs.,Đơn phải kèm theo hai ảnh.,The application must be accompanied ____ two photographs.,by,with||to||for,5,2,"toeic-high,business,passive",2560
PASSIVE_VOICE,be prohibited from doing,be prohibited from + V-ing,bị cấm làm gì,From là giới từ nên dùng V-ing.,Visitors are prohibited from taking photographs.,Khách tham quan bị cấm chụp ảnh.,Visitors are prohibited from ____ photographs.,taking,take||to take||taken,5,2,"toeic-high,business,passive",2570
CONJUNCTIONS,because + clause,because + S + V,bởi vì + mệnh đề,Because là liên từ và theo sau bởi một mệnh đề đầy đủ.,The event was canceled because the venue was unavailable.,Sự kiện bị hủy vì địa điểm không khả dụng.,The event was canceled ____ the venue was unavailable.,because,because of||despite||during,5,2,"toeic-high,part5,part6,connector",2700
CONJUNCTIONS,although + clause,although + S + V,mặc dù + mệnh đề,Although là liên từ; không dùng trực tiếp với danh từ.,"Although demand is high, prices will remain unchanged.","Mặc dù nhu cầu cao, giá sẽ không đổi.","____ demand is high, prices will remain unchanged.",Although,Despite||Because of||During,5,2,"toeic-high,part5,part6,connector",2710
CONJUNCTIONS,even though + clause,even though + S + V,mặc dù (nhấn mạnh),Even though nhấn mạnh tương phản.,"Even though the store was busy, service remained fast.","Dù cửa hàng đông, dịch vụ vẫn nhanh.","____ the store was busy, service remained fast.",Even though,Despite||Because of||Due to,5,2,"toeic-high,part5,part6,connector",2720
CONJUNCTIONS,despite + noun/gerund,despite + N/V-ing,mặc dù/bất chấp + danh từ/V-ing,"Despite là giới từ, không trực tiếp theo sau bởi mệnh đề.","Despite experiencing delays, the team met the deadline.","Mặc dù gặp chậm trễ, nhóm vẫn kịp thời hạn.","Despite ____ delays, the team met the deadline.",experiencing,experience||to experience||experienced,5,2,"toeic-high,part5,part6,connector",2730
CONJUNCTIONS,in spite of,in spite of + N/V-ing,mặc dù/bất chấp,Cụm giới từ tương đương despite.,"In spite of the rain, the event continued as planned.","Bất chấp trời mưa, sự kiện tiếp tục theo kế hoạch.","____ the rain, the event continued as planned.",In spite of,Although||Because||Whereas,5,2,"toeic-high,part5,part6,connector",2740
CONJUNCTIONS,while for contrast,"while + clause, clause",trong khi / trong khi đó (tương phản),While có thể nối hai ý tương phản.,Online sales increased while in-store sales declined.,Doanh số trực tuyến tăng trong khi doanh số tại cửa hàng giảm.,Online sales increased ____ in-store sales declined.,while,because of||during||despite,5,2,"toeic-high,part5,part6,connector",2750
CONJUNCTIONS,whereas,clause + whereas + clause,trong khi/trái lại,Whereas dùng để đối chiếu hai sự thật.,"Plan A is cheaper, whereas Plan B offers more features.","Gói A rẻ hơn, trong khi gói B có nhiều tính năng hơn.","Plan A is cheaper, ____ Plan B offers more features.",whereas,because of||during||despite,5,2,"toeic-high,part5,part6,connector",2760
CONJUNCTIONS,both ... and,both A and B,cả A và B,Hai thành phần song song về ngữ pháp.,The position requires both experience and strong communication skills.,Vị trí yêu cầu cả kinh nghiệm và kỹ năng giao tiếp tốt.,The position requires ____ experience and strong communication skills.,both,either||neither||whether,5,2,"toeic-high,part5,part6,connector",2770
CONJUNCTIONS,either ... or,either A or B,hoặc A hoặc B,"Hai lựa chọn thay thế, cần song song cấu trúc.",You may submit the form either online or by mail.,Bạn có thể nộp biểu mẫu trực tuyến hoặc qua bưu điện.,You may submit the form ____ online or by mail.,either,both||neither||not only,5,2,"toeic-high,part5,part6,connector",2780
CONJUNCTIONS,neither ... nor,neither A nor B,không A cũng không B,Hai thành phần phải song song.,The fee covers neither meals nor transportation.,Khoản phí không bao gồm bữa ăn cũng không bao gồm vận chuyển.,The fee covers ____ meals nor transportation.,neither,either||both||whether,5,2,"toeic-high,part5,part6,connector",2790
CONJUNCTIONS,not only ... but also,not only A but also B,không chỉ A mà còn B,A và B cần song song về ngữ pháp.,The upgrade not only reduces costs but also improves reliability.,Bản nâng cấp không chỉ giảm chi phí mà còn cải thiện độ tin cậy.,The upgrade ____ reduces costs but also improves reliability.,not only,either||both||whether,5,2,"toeic-high,part5,part6,connector",2800
CONJUNCTIONS,whether ... or not,whether + clause + or not,liệu ... hay không,Whether giới thiệu lựa chọn/điều chưa chắc chắn.,Please confirm whether you can attend or not.,Vui lòng xác nhận liệu bạn có thể tham dự hay không.,Please confirm ____ you can attend or not.,whether,because||despite||during,5,2,"toeic-high,part5,part6,connector",2810
CONJUNCTIONS,so + adjective + that,so + adjective/adverb + that + clause,quá/đến mức ... đến nỗi,So bổ nghĩa adjective/adverb; sau đó that-clause.,The instructions were so clear that everyone understood them.,Hướng dẫn rõ đến mức mọi người đều hiểu.,The instructions were ____ clear that everyone understood them.,so,such||too||enough,5,2,"toeic-high,part5,part6,connector",2820
CONJUNCTIONS,such + noun + that,such + (a/an) + adjective + noun + that,một ... đến mức ...,Such đi với cụm danh từ.,It was such a useful workshop that many employees requested another session.,Đó là một hội thảo hữu ích đến mức nhiều nhân viên yêu cầu thêm buổi nữa.,It was ____ a useful workshop that many employees requested another session.,such,so||too||enough,5,2,"toeic-high,part5,part6,connector",2830
CONJUNCTIONS,too + adjective + to V,too + adjective + to V,quá ... để có thể,Too diễn tả mức độ vượt giới hạn.,The file is too large to send by email.,Tệp quá lớn để gửi qua email.,The file is too large ____ by email.,to send,sending||send||sent,5,2,"toeic-high,part5,part6,connector",2840
CONJUNCTIONS,adjective + enough + to V,adjective + enough + to V,đủ ... để,Enough đứng sau adjective.,The room is large enough to accommodate 100 guests.,Căn phòng đủ lớn để chứa 100 khách.,The room is large enough ____ 100 guests.,to accommodate,accommodating||accommodate||accommodated,5,2,"toeic-high,part5,part6,connector",2850
CONJUNCTIONS,once + clause,once + S + V,một khi/ngay khi,Once nối mệnh đề thời gian/điều kiện.,"Once payment is received, your order will be processed.","Ngay khi nhận được thanh toán, đơn hàng sẽ được xử lý.","____ payment is received, your order will be processed.",Once,During||Despite||Because of,5,2,"toeic-high,part5,part6,connector",2860
CONJUNCTIONS,until + clause,until + S + V,cho đến khi,Until theo sau mệnh đề hoặc noun phrase tùy cấu trúc.,Please wait until the confirmation email arrives.,Vui lòng đợi cho đến khi email xác nhận đến.,Please wait ____ the confirmation email arrives.,until,during||despite||because of,5,2,"toeic-high,part5,part6,connector",2870
CONJUNCTIONS,before + V-ing,before + V-ing,trước khi làm gì,Khi chủ ngữ được hiểu giống nhau có thể dùng before + V-ing.,Please check the details before submitting the form.,Vui lòng kiểm tra chi tiết trước khi nộp biểu mẫu.,Please check the details before ____ the form.,submitting,submit||to submit||submitted,5,2,"toeic-high,part5,part6,connector",2880
CONJUNCTIONS,after + V-ing,after + V-ing,sau khi làm gì,After là giới từ khi theo sau V-ing.,"After completing the survey, click Submit.","Sau khi hoàn thành khảo sát, hãy bấm Gửi.","After ____ the survey, click Submit.",completing,complete||to complete||completed,5,2,"toeic-high,part5,part6,connector",2890
CONJUNCTIONS,while + V-ing,while + V-ing,trong khi đang làm,Rút gọn mệnh đề khi cùng chủ ngữ.,Please keep the receipt while traveling.,Vui lòng giữ hóa đơn khi đi lại.,Please keep the receipt while ____.,traveling,travel||to travel||traveled,5,2,"toeic-high,part5,part6,connector",2900
CONJUNCTIONS,during + noun,during + N,trong suốt + danh từ,"During là giới từ và phải theo sau noun phrase, không phải clause.",Phones must be turned off during the presentation.,Điện thoại phải được tắt trong buổi thuyết trình.,Phones must be turned off ____ the presentation.,during,since||because||although,5,2,"toeic-high,part5,part6,connector",2910
CONJUNCTIONS,since + clause,since + S + V,kể từ khi + mệnh đề,Since có thể là liên từ nối mệnh đề và thường kết hợp hiện tại hoàn thành.,Performance has improved since the new manager arrived.,Hiệu suất đã cải thiện kể từ khi quản lý mới đến.,Performance has improved ____ the new manager arrived.,since,during||despite||because of,5,2,"toeic-high,part5,part6,connector",2920
NOUN_CLAUSES,that-clause after reporting verb,verb + that + clause,động từ + rằng + mệnh đề,Report/announce/confirm/indicate + that-clause rất phổ biến trong business English.,The report indicates that demand is increasing.,Báo cáo cho thấy nhu cầu đang tăng.,The report indicates ____ demand is increasing.,that,to||of||for,5,3,"toeic-high,part5,part6,advanced",3000
NOUN_CLAUSES,whether/if clause,verb + whether/if + clause,liệu ...,Dùng sau ask/confirm/check/know để nêu câu hỏi gián tiếp yes/no.,Please check whether the invoice has been paid.,Vui lòng kiểm tra xem hóa đơn đã được thanh toán chưa.,Please check ____ the invoice has been paid.,whether,because||despite||during,5,3,"toeic-high,part5,part6,advanced",3010
NOUN_CLAUSES,wh-clause as object,verb + what/when/where/how + clause,mệnh đề nghi vấn gián tiếp,"Trong câu hỏi gián tiếp giữ trật tự S + V, không đảo trợ động từ.",Please tell us when the shipment will arrive.,Vui lòng cho chúng tôi biết khi nào lô hàng sẽ đến.,Please tell us ____ the shipment will arrive.,when,when will||that when||during,5,3,"toeic-high,part5,part6,advanced",3020
NOUN_CLAUSES,what + clause,what + S + V,điều mà/cái mà,What có thể tạo noun clause và bao gồm nghĩa the thing that.,What customers value most is reliable service.,Điều khách hàng coi trọng nhất là dịch vụ đáng tin cậy.,____ customers value most is reliable service.,What,Which||That||Whose,5,3,"toeic-high,part5,part6,advanced",3030
NOUN_CLAUSES,the fact that,the fact that + clause,thực tế rằng,Cụm danh từ theo sau bởi that-clause.,The fact that sales increased surprised the analysts.,Việc doanh số tăng đã khiến các nhà phân tích ngạc nhiên.,The fact ____ sales increased surprised the analysts.,that,to||of||for,5,3,"toeic-high,part5,part6,advanced",3040
NOUN_CLAUSES,recommend that + base verb,recommend/suggest/request that + S + base V,khuyến nghị/đề nghị rằng ai nên làm,Subjunctive trong tiếng Anh Mỹ trang trọng: động từ nguyên mẫu sau that.,The manager recommended that every employee attend the workshop.,Quản lý khuyến nghị mọi nhân viên tham dự hội thảo.,The manager recommended that every employee ____ the workshop.,attend,attends||attended||attending,5,3,"toeic-high,part5,part6,advanced",3050
NOUN_CLAUSES,require that + base verb,require/insist that + S + base V,yêu cầu rằng ai phải làm,Subjunctive thường gặp trong quy định và TOEIC grammar.,The policy requires that all visitors wear badges.,Chính sách yêu cầu mọi khách tham quan đeo thẻ.,The policy requires that all visitors ____ badges.,wear,wears||wore||wearing,5,3,"toeic-high,part5,part6,advanced",3060
NOUN_CLAUSES,it is essential that + base verb,It is essential/important that + S + base V,điều thiết yếu là ai phải làm,Formal subjunctive sau adjective of necessity.,It is essential that each form be signed.,Điều thiết yếu là mỗi biểu mẫu phải được ký.,It is essential that each form ____ signed.,be,is||was||being,5,3,"toeic-high,part5,part6,advanced",3070
RELATIVE_CLAUSES,that in defining relative clause,person/thing + that + clause,that trong mệnh đề quan hệ xác định,That có thể thay who/which trong mệnh đề quan hệ xác định.,The software that we purchased includes technical support.,Phần mềm chúng tôi mua bao gồm hỗ trợ kỹ thuật.,The software ____ we purchased includes technical support.,that,where||whose||when,5,3,"toeic-high,part5,part6,relative-clause",3200
RELATIVE_CLAUSES,whom as object,person + whom + S + V,whom làm tân ngữ cho người,"Whom thường xuất hiện trong văn phong trang trọng, đặc biệt sau giới từ.",The consultant whom we hired starts Monday.,Chuyên gia tư vấn chúng tôi thuê bắt đầu làm vào thứ Hai.,The consultant ____ we hired starts Monday.,whom,which||where||whose,5,3,"toeic-high,part5,part6,relative-clause",3210
RELATIVE_CLAUSES,preposition + which,preposition + which + clause,giới từ + which,Cấu trúc trang trọng cho vật/sự việc.,The method by which the data were collected is reliable.,Phương pháp mà dữ liệu được thu thập là đáng tin cậy.,The method by ____ the data were collected is reliable.,which,who||where||whose,5,3,"toeic-high,part5,part6,relative-clause",3220
RELATIVE_CLAUSES,preposition + whom,preposition + whom + clause,giới từ + whom,Cấu trúc trang trọng khi tiền tố là người.,The manager to whom you spoke will contact you.,Người quản lý mà bạn đã nói chuyện sẽ liên hệ với bạn.,The manager to ____ you spoke will contact you.,whom,who||which||whose,5,3,"toeic-high,part5,part6,relative-clause",3230
RELATIVE_CLAUSES,reduced active relative clause,noun + V-ing ...,mệnh đề quan hệ rút gọn chủ động,"Khi noun thực hiện hành động, who/which + be có thể rút gọn thành V-ing trong nhiều cấu trúc.",Employees working remotely must complete the survey.,Nhân viên làm việc từ xa phải hoàn thành khảo sát.,Employees ____ remotely must complete the survey.,working,worked||work||to work,5,3,"toeic-high,part5,part6,relative-clause",3240
RELATIVE_CLAUSES,reduced passive relative clause,noun + past participle ...,mệnh đề quan hệ rút gọn bị động,Noun nhận hành động → dùng past participle.,Products purchased online can be returned by mail.,Sản phẩm mua trực tuyến có thể được trả qua bưu điện.,Products ____ online can be returned by mail.,purchased,purchasing||purchase||to purchase,5,3,"toeic-high,part5,part6,relative-clause",3250
RELATIVE_CLAUSES,non-defining which,"clause/noun, which + clause",which trong mệnh đề không xác định,Có dấu phẩy và cung cấp thông tin bổ sung.,"The event was postponed, which surprised many attendees.","Sự kiện bị hoãn, điều này khiến nhiều người tham dự ngạc nhiên.","The event was postponed, ____ surprised many attendees.",which,that||who||where,5,3,"toeic-high,part5,part6,relative-clause",3260
CONDITIONALS,Third conditional,"If + had V3, would have V3",điều kiện không có thật trong quá khứ,Dùng để nói kết quả giả định trái với quá khứ.,"If we had received the notice earlier, we would have responded sooner.","Nếu nhận được thông báo sớm hơn, chúng tôi đã phản hồi sớm hơn.","If we had received the notice earlier, we ____ sooner.",would have responded,will respond||would respond||responded,5,3,"toeic-medium,grammar",3400
CONDITIONALS,if + imperative,"If + present, imperative",nếu ... thì hãy ...,Mệnh đề chính có thể là mệnh lệnh.,"If you have questions, contact customer service.","Nếu có câu hỏi, hãy liên hệ dịch vụ khách hàng.","If you have questions, ____ customer service.",contact,contacts||contacted||contacting,5,3,"toeic-medium,grammar",3410
CONDITIONALS,in case + clause,in case + S + V,phòng trường hợp,Dùng để nói biện pháp chuẩn bị cho khả năng xảy ra.,Keep a copy of the receipt in case you need a refund.,Hãy giữ bản sao hóa đơn phòng khi bạn cần hoàn tiền.,Keep a copy of the receipt ____ you need a refund.,in case,despite||because of||during,5,3,"toeic-medium,grammar",3420
COMPARATIVES,less ... than,less + adjective/adverb + than,ít/kém ... hơn,So sánh kém hơn với less ... than.,The revised process is less complicated than the old one.,Quy trình sửa đổi ít phức tạp hơn quy trình cũ.,The revised process is less complicated ____ the old one.,than,as||to||from,5,2,"toeic-high,part5,word-form",3500
COMPARATIVES,the most + adjective,the most + adjective,... nhất,Superlative với tính từ dài.,This is the most efficient option available.,Đây là lựa chọn hiệu quả nhất hiện có.,This is ____ efficient option available.,the most,more||most than||as most,5,2,"toeic-high,part5,word-form",3510
COMPARATIVES,one of the most + plural noun,one of the most + adjective + plural noun,một trong những ... nhất,Sau one of the most + adjective dùng danh từ số nhiều.,It is one of the most popular products in the catalog.,Đây là một trong những sản phẩm phổ biến nhất trong danh mục.,It is one of the most popular ____ in the catalog.,products,product||producing||production,5,2,"toeic-high,part5,word-form",3520
COMPARATIVES,twice as ... as,twice as + adjective/adverb + as,gấp đôi ...,Mẫu so sánh theo bội số.,The new printer is twice as fast as the old model.,Máy in mới nhanh gấp đôi mẫu cũ.,The new printer is twice as fast ____ the old model.,as,than||to||from,5,2,"toeic-high,part5,word-form",3530
COMPARATIVES,increasingly + adjective,increasingly + adjective,ngày càng ...,Increasingly là trạng từ bổ nghĩa tính từ/trạng từ.,Online booking is becoming increasingly popular.,Đặt chỗ trực tuyến ngày càng phổ biến.,Online booking is becoming ____ popular.,increasingly,increasing||increase||increased,5,2,"toeic-high,part5,word-form",3540
DETERMINERS,a/an + singular countable noun,a/an + singular countable noun,một + danh từ đếm được số ít,Dùng a/an khi nói một đối tượng chưa xác định.,We need an estimate before making a decision.,Chúng tôi cần một bản ước tính trước khi quyết định.,We need ____ estimate before making a decision.,an,a||the||some,5,2,"toeic-high,part5,grammar",3700
DETERMINERS,the + specific noun,the + specific/known noun,mạo từ xác định,Dùng the khi người đọc/nghe biết đối tượng cụ thể.,Please sign the document attached to this email.,Vui lòng ký tài liệu đính kèm email này.,Please sign ____ document attached to this email.,the,a||an||some,5,2,"toeic-high,part5,grammar",3710
DETERMINERS,another + singular noun,another + singular countable noun,một ... khác nữa,Another đi với danh từ đếm được số ít.,We need another copy of the contract.,Chúng tôi cần thêm một bản hợp đồng khác.,We need ____ copy of the contract.,another,other||others||the others,5,2,"toeic-high,part5,grammar",3720
DETERMINERS,other + plural noun,other + plural noun,những ... khác,Other làm determiner trước danh từ số nhiều/không đếm được.,Other employees will join the training next week.,Các nhân viên khác sẽ tham gia đào tạo vào tuần tới.,____ employees will join the training next week.,Other,Another||Others||The other one,5,2,"toeic-high,part5,grammar",3730
DETERMINERS,others without noun,others,những người/vật khác,"Others là đại từ, không theo sau trực tiếp bởi noun.",Some participants arrived early; others came later.,Một số người tham dự đến sớm; những người khác đến sau.,Some participants arrived early; ____ came later.,others,other||another||the other one,5,2,"toeic-high,part5,grammar",3740
DETERMINERS,the other + singular noun,the other + singular noun,cái/người còn lại trong hai,Dùng khi nói đối tượng còn lại trong một cặp/nhóm đã xác định.,One elevator is in service; the other elevator is being repaired.,Một thang máy đang hoạt động; thang còn lại đang được sửa.,One elevator is in service; ____ elevator is being repaired.,the other,another||other||others,5,2,"toeic-high,part5,grammar",3750
DETERMINERS,many + plural noun,many + plural countable noun,nhiều + danh từ đếm được,Many dùng với danh từ đếm được số nhiều.,Many customers prefer digital receipts.,Nhiều khách hàng thích hóa đơn điện tử.,____ customers prefer digital receipts.,Many,Much||Little||Each,5,2,"toeic-high,part5,grammar",3760
DETERMINERS,much + uncountable noun,much + uncountable noun,nhiều + danh từ không đếm được,"Much dùng với uncountable nouns, thường trong phủ định/câu hỏi hoặc văn phong trang trọng.",The project did not require much additional equipment.,Dự án không cần nhiều thiết bị bổ sung.,The project did not require ____ additional equipment.,much,many||few||several,5,2,"toeic-high,part5,grammar",3770
DETERMINERS,a few + plural noun,a few + plural countable noun,một vài (có đủ/ý tích cực),A few = một số ít nhưng có.,A few seats are still available.,Vẫn còn một vài chỗ trống.,____ seats are still available.,A few,A little||Much||Every,5,2,"toeic-high,part5,grammar",3780
DETERMINERS,a little + uncountable noun,a little + uncountable noun,một ít,A little dùng với danh từ không đếm được.,We still have a little time before the meeting.,Chúng ta vẫn còn một ít thời gian trước cuộc họp.,We still have ____ time before the meeting.,a little,a few||many||several,5,2,"toeic-high,part5,grammar",3790
DETERMINERS,fewer + plural countable noun,fewer + plural countable noun,ít hơn + danh từ đếm được,Fewer dùng với countable plural.,The new process requires fewer steps.,Quy trình mới cần ít bước hơn.,The new process requires ____ steps.,fewer,less||little||much,5,2,"toeic-high,part5,grammar",3800
DETERMINERS,less + uncountable noun,less + uncountable noun,ít hơn + danh từ không đếm được,Less dùng với uncountable nouns.,The new model uses less energy.,Mẫu mới sử dụng ít năng lượng hơn.,The new model uses ____ energy.,less,fewer||few||many,5,2,"toeic-high,part5,grammar",3810
DETERMINERS,number of + countable,the number of + plural countable noun,số lượng + danh từ đếm được,Number đi với danh từ đếm được.,The number of applications has doubled.,Số lượng đơn đăng ký đã tăng gấp đôi.,The ____ of applications has doubled.,number,amount||much||few,5,2,"toeic-high,part5,grammar",3820
DETERMINERS,amount of + uncountable,the amount of + uncountable noun,lượng + danh từ không đếm được,Amount đi với uncountable nouns.,The amount of information available online is enormous.,Lượng thông tin có trên mạng là rất lớn.,The ____ of information available online is enormous.,amount,number||many||few,5,2,"toeic-high,part5,grammar",3830
DETERMINERS,most of + determiner/pronoun,most of + the/these/my/us/them...,hầu hết trong số,Most of cần of khi theo sau là determiner/pronoun cụ thể.,Most of the applicants met the requirements.,Hầu hết ứng viên đáp ứng yêu cầu.,____ the applicants met the requirements.,Most of,Most||Almost||Mostly,5,2,"toeic-high,part5,grammar",3840
BUSINESS_FIXED,in response to,in response to + N,để phản hồi / đáp lại,Cụm mở đầu email/thư công việc rất thường gặp.,I am writing in response to your inquiry.,Tôi viết thư để phản hồi yêu cầu của bạn.,I am writing ____ your inquiry.,in response to,in addition to||because||during,5,2,"toeic-high,business,daily-high,part5,part6,part7",4000
BUSINESS_FIXED,with regard to,with regard to + N,liên quan đến,Cụm trang trọng trong correspondence.,Please contact us with regard to any billing questions.,Vui lòng liên hệ chúng tôi về mọi câu hỏi thanh toán.,Please contact us ____ any billing questions.,with regard to,in order to||as soon as||despite,5,2,"toeic-high,business,daily-high,part5,part6,part7",4010
BUSINESS_FIXED,in accordance with,in accordance with + N,phù hợp/tuân theo,"Thường gặp trong policy, regulation, contract.",All refunds are processed in accordance with company policy.,Mọi khoản hoàn tiền được xử lý theo chính sách công ty.,Refunds are processed ____ company policy.,in accordance with,in spite of||instead of||as long as,5,2,"toeic-high,business,daily-high,part5,part6,part7",4020
BUSINESS_FIXED,in addition to,in addition to + N/V-ing,ngoài ... ra / thêm vào,To là giới từ nên sau đó là N/V-ing.,"In addition to reducing costs, the change will save time.","Ngoài việc giảm chi phí, thay đổi này còn tiết kiệm thời gian.","In addition to ____ costs, the change will save time.",reducing,reduce||to reduce||reduced,5,2,"toeic-high,business,daily-high,part5,part6,part7",4030
BUSINESS_FIXED,in terms of,in terms of + N,xét về / về mặt,Dùng để giới hạn khía cạnh đang nói.,The two plans differ in terms of price.,Hai gói khác nhau về giá.,The two plans differ ____ price.,in terms of,on behalf of||as soon as||due to,5,2,"toeic-high,business,daily-high,part5,part6,part7",4040
BUSINESS_FIXED,as a result of,as a result of + N,do / là kết quả của,Cụm giới từ chỉ nguyên nhân.,Several flights were delayed as a result of bad weather.,Một số chuyến bay bị chậm do thời tiết xấu.,Flights were delayed ____ bad weather.,as a result of,although||because||while,5,2,"toeic-high,business,daily-high,part5,part6,part7",4050
BUSINESS_FIXED,in the event of,in the event of + N,trong trường hợp xảy ra,Cụm thường gặp trong safety instructions/policies.,Use the emergency exit in the event of a fire.,Hãy dùng lối thoát hiểm trong trường hợp hỏa hoạn.,Use the emergency exit ____ a fire.,in the event of,because||during||although,5,2,"toeic-high,business,daily-high,part5,part6,part7",4060
BUSINESS_FIXED,upon + V-ing,upon + V-ing/N,ngay khi / sau khi,Upon là giới từ; cấu trúc trang trọng trong hướng dẫn/thông báo.,"Upon receiving payment, we will issue a receipt.","Ngay khi nhận thanh toán, chúng tôi sẽ xuất biên lai.","Upon ____ payment, we will issue a receipt.",receiving,receive||to receive||received,5,2,"toeic-high,business,daily-high,part5,part6,part7",4070
BUSINESS_FIXED,by the time,by the time + clause,đến khi / vào lúc,Thường kết hợp perfect tense tùy mốc thời gian.,"By the time the guests arrived, the staff had prepared the room.","Đến khi khách đến, nhân viên đã chuẩn bị phòng xong.","____ the guests arrived, the staff had prepared the room.",By the time,During||Despite||Because of,5,2,"toeic-high,business,daily-high,part5,part6,part7",4080
BUSINESS_FIXED,within + time period,within + period,trong vòng,Within chỉ giới hạn thời gian từ hiện tại/mốc nêu.,We will respond within two business days.,Chúng tôi sẽ phản hồi trong vòng hai ngày làm việc.,We will respond ____ two business days.,within,during||since||until,5,2,"toeic-high,business,daily-high,part5,part6,part7",4090
BUSINESS_FIXED,effective as of,effective as of + date,có hiệu lực kể từ,Cụm thường gặp trong policy/notice.,The new fee will be effective as of September 1.,Mức phí mới sẽ có hiệu lực từ ngày 1 tháng 9.,The new fee will be effective ____ September 1.,as of,as soon as||because of||during,5,2,"toeic-high,business,daily-high,part5,part6,part7",4100
BUSINESS_FIXED,be pleased to,be pleased to + V,hân hạnh/vui mừng làm gì,Cụm email/thông báo lịch sự.,We are pleased to announce the opening of our new branch.,Chúng tôi hân hạnh thông báo khai trương chi nhánh mới.,We are pleased ____ the opening of our new branch.,to announce,announcing||announce||announced,5,2,"toeic-high,business,daily-high,part5,part6,part7",4110
BUSINESS_FIXED,would like to,would like to + V,muốn / xin được,Cách lịch sự để diễn đạt mong muốn.,I would like to schedule a meeting for Tuesday.,Tôi muốn sắp xếp một cuộc họp vào thứ Ba.,I would like ____ a meeting for Tuesday.,to schedule,scheduling||schedule||scheduled,5,2,"toeic-high,business,daily-high,part5,part6,part7",4120
BUSINESS_FIXED,please be advised that,Please be advised that + clause,xin lưu ý rằng,Cụm trang trọng trong notice/email.,Please be advised that the office will close early on Friday.,Xin lưu ý rằng văn phòng sẽ đóng cửa sớm vào thứ Sáu.,Please be advised ____ the office will close early.,that,to||of||for,5,2,"toeic-high,business,daily-high,part5,part6,part7",4130
BUSINESS_FIXED,feel free to,feel free to + V,cứ tự nhiên/đừng ngại làm gì,Cụm lịch sự trong giao tiếp và email.,Please feel free to contact us with any questions.,Vui lòng cứ liên hệ nếu bạn có câu hỏi.,Please feel free ____ us with any questions.,to contact,contacting||contact||contacted,5,2,"toeic-high,business,daily-high,part5,part6,part7",4140
BUSINESS_FIXED,take advantage of,take advantage of + N,tận dụng,Collocation thường gặp trong quảng cáo/benefits.,Members can take advantage of discounted rates.,Thành viên có thể tận dụng mức giá ưu đãi.,Members can take advantage ____ discounted rates.,of,to||for||with,5,2,"toeic-high,business,daily-high,part5,part6,part7",4150
BUSINESS_FIXED,make sure that,make sure that + clause,đảm bảo rằng,Cụm chỉ dẫn rất phổ biến.,Please make sure that all fields are complete.,Vui lòng đảm bảo mọi trường đã được điền đầy đủ.,Please make sure ____ all fields are complete.,that,to||of||for,5,2,"toeic-high,business,daily-high,part5,part6,part7",4160
BUSINESS_FIXED,ensure that,ensure that + clause,đảm bảo rằng,"Ensure là transitive verb, không cần “of”.",Please ensure that the door is locked before leaving.,Vui lòng đảm bảo cửa đã khóa trước khi rời đi.,Please ensure ____ the door is locked before leaving.,that,of||to||for,5,2,"toeic-high,business,daily-high,part5,part6,part7",4170
BUSINESS_FIXED,be supposed to,be supposed to + V,được dự kiến/phải làm,Dùng cho nghĩa vụ hoặc điều được mong đợi.,Employees are supposed to update their passwords regularly.,Nhân viên được yêu cầu cập nhật mật khẩu thường xuyên.,Employees are supposed ____ their passwords regularly.,to update,updating||update||updated,5,2,"toeic-high,business,daily-high,part5,part6,part7",4180
BUSINESS_FIXED,be due to do,be due to + V,dự kiến sẽ làm,Không nhầm với due to + N = bởi vì.,The shipment is due to arrive on Thursday.,Lô hàng dự kiến đến vào thứ Năm.,The shipment is due ____ on Thursday.,to arrive,arriving||arrive||arrived,5,2,"toeic-high,business,daily-high,part5,part6,part7",4190
BUSINESS_FIXED,at least,at least + number/amount,ít nhất,Dùng nêu mức tối thiểu.,Please arrive at least fifteen minutes early.,Vui lòng đến sớm ít nhất mười lăm phút.,Please arrive ____ fifteen minutes early.,at least,at most||less than||no more,5,2,"toeic-high,business,daily-high,part5,part6,part7",4200
BUSINESS_FIXED,at most,at most + number/amount,nhiều nhất,Dùng nêu giới hạn tối đa.,The repair should take at most two hours.,Việc sửa chữa sẽ mất nhiều nhất hai giờ.,The repair should take ____ two hours.,at most,at least||more than||no less,5,2,"toeic-high,business,daily-high,part5,part6,part7",4210
BUSINESS_FIXED,no more than,no more than + amount,không quá,Tương đương at most.,The presentation should last no more than twenty minutes.,Bài thuyết trình không nên kéo dài quá hai mươi phút.,The presentation should last ____ twenty minutes.,no more than,no later than||at least||as much as,5,2,"toeic-high,business,daily-high,part5,part6,part7",4220
BUSINESS_FIXED,no fewer than,no fewer than + plural countable noun/number,không ít hơn,Dùng với số lượng đếm được.,No fewer than fifty applicants attended the session.,Không ít hơn năm mươi ứng viên đã tham dự buổi này.,____ fifty applicants attended the session.,No fewer than,No less of||Much fewer||Few than,5,2,"toeic-high,business,daily-high,part5,part6,part7",4230
BUSINESS_FIXED,be available to do,be available to + V,sẵn sàng/có thể làm,Available to + verb khi nói người/nguồn lực có thể thực hiện.,A representative is available to answer your questions.,Có đại diện sẵn sàng trả lời câu hỏi của bạn.,A representative is available ____ your questions.,to answer,answering||answer||answered,5,2,"toeic-high,business,daily-high,part5,part6,part7",4240
