category,term,definition,ipa,part_of_speech,example_en,example_vi,card_type,topic,subtopic,toeic_part,difficulty,pattern,collocations,word_family,explanation,audio_text,tags,source
Loại từ & Word Forms,-tion / -sion,Đuôi danh từ.,,grammar / phrase,information; decision; permission; contribution,,GRAMMAR,TOEIC Grammar 800+,Loại từ & Word Forms,5,1,-tion / -sion,,,Đuôi danh từ.,information; decision; permission; contribution,"toeic,800-plus,grammar,pdf-flashbook",TOEIC Grammar 800+ PDF
Loại từ & Word Forms,-ment,Đuôi danh từ.,,grammar / phrase,management; requirement; improvement; achievement,,GRAMMAR,TOEIC Grammar 800+,Loại từ & Word Forms,5,1,-ment,,,Đuôi danh từ.,management; requirement; improvement; achievement,"toeic,800-plus,grammar,pdf-flashbook",TOEIC Grammar 800+ PDF
Loại từ & Word Forms,-ness,Đuôi danh từ.,,grammar / phrase,awareness; effectiveness; willingness; business,,GRAMMAR,TOEIC Grammar 800+,Loại từ & Word Forms,5,1,-ness,,,Đuôi danh từ.,awareness; effectiveness; willingness; business,"toeic,800-plus,grammar,pdf-flashbook",TOEIC Grammar 800+ PDF
Loại từ & Word Forms,-ity / -ty,Đuôi danh từ.,,grammar / phrase,ability; productivity; quality; responsibility,,GRAMMAR,TOEIC Grammar 800+,Loại từ & Word Forms,5,1,-ity / -ty,,,Đuôi danh từ.,ability; productivity; quality; responsibility,"toeic,800-plus,grammar,pdf-flashbook",TOEIC Grammar 800+ PDF
Loại từ & Word Forms,-ance / -ence,Đuôi danh từ.,,grammar / phrase,performance; experience; attendance; preference,,GRAMMAR,TOEIC Grammar 800+,Loại từ & Word Forms,5,1,-ance / -ence,,,Đuôi danh từ.,performance; experience; attendance; preference,"toeic,800-plus,grammar,pdf-flashbook",TOEIC Grammar 800+ PDF
Loại từ & Word Forms,-er / -or,Đuôi danh từ chỉ người/vai trò.,,grammar / phrase,manager; supervisor; employer; competitor,,GRAMMAR,TOEIC Grammar 800+,Loại từ & Word Forms,5,1,-er / -or,,,Đuôi danh từ chỉ người/vai trò.,manager; supervisor; employer; competitor,"toeic,800-plus,grammar,pdf-flashbook",TOEIC Grammar 800+ PDF
Loại từ & Word Forms,-ee,Đuôi danh từ; trong ví dụ nguồn thường chỉ người bị tác động.,,grammar / phrase,employee; trainee; attendee,,GRAMMAR,TOEIC Grammar 800+,Loại từ & Word Forms,5,1,-ee,,,Đuôi danh từ; trong ví dụ nguồn thường chỉ người bị tác động.,employee; trainee; attendee,"toeic,800-plus,grammar,pdf-flashbook",TOEIC Grammar 800+ PDF
Loại từ & Word Forms,-ist,Đuôi danh từ.,,grammar / phrase,specialist; analyst; receptionist,,GRAMMAR,TOEIC Grammar 800+,Loại từ & Word Forms,5,1,-ist,,,Đuôi danh từ.,specialist; analyst; receptionist,"toeic,800-plus,grammar,pdf-flashbook",TOEIC Grammar 800+ PDF
Loại từ & Word Forms,-al (noun),Có thể là đuôi danh từ.,,grammar / phrase,approval; arrival; removal; proposal,,GRAMMAR,TOEIC Grammar 800+,Loại từ & Word Forms,5,1,-al (noun),,,Có thể là đuôi danh từ.,approval; arrival; removal; proposal,"toeic,800-plus,grammar,pdf-flashbook",TOEIC Grammar 800+ PDF
Loại từ & Word Forms,-ure,Đuôi danh từ.,,grammar / phrase,procedure; expenditure; failure; departure,,GRAMMAR,TOEIC Grammar 800+,Loại từ & Word Forms,5,1,-ure,,,Đuôi danh từ.,procedure; expenditure; failure; departure,"toeic,800-plus,grammar,pdf-flashbook",TOEIC Grammar 800+ PDF
Loại từ & Word Forms,-th,Đuôi danh từ.,,grammar / phrase,growth; strength; width; length,,GRAMMAR,TOEIC Grammar 800+,Loại từ & Word Forms,5,1,-th,,,Đuôi danh từ.,growth; strength; width; length,"toeic,800-plus,grammar,pdf-flashbook",TOEIC Grammar 800+ PDF
Loại từ & Word Forms,-ize / -ise,Đuôi động từ.,,grammar / phrase,organize; authorize; specialize; maximize,,GRAMMAR,TOEIC Grammar 800+,Loại từ & Word Forms,5,1,-ize / -ise,,,Đuôi động từ.,organize; authorize; specialize; maximize,"toeic,800-plus,grammar,pdf-flashbook",TOEIC Grammar 800+ PDF
Loại từ & Word Forms,-ify,Đuôi động từ.,,grammar / phrase,notify; identify; simplify; qualify,,GRAMMAR,TOEIC Grammar 800+,Loại từ & Word Forms,5,1,-ify,,,Đuôi động từ.,notify; identify; simplify; qualify,"toeic,800-plus,grammar,pdf-flashbook",TOEIC Grammar 800+ PDF
Loại từ & Word Forms,-ate,Đuôi động từ.,,grammar / phrase,participate; negotiate; evaluate; demonstrate,,GRAMMAR,TOEIC Grammar 800+,Loại từ & Word Forms,5,1,-ate,,,Đuôi động từ.,participate; negotiate; evaluate; demonstrate,"toeic,800-plus,grammar,pdf-flashbook",TOEIC Grammar 800+ PDF
Loại từ & Word Forms,-en,Đuôi động từ.,,grammar / phrase,strengthen; broaden; shorten; widen,,GRAMMAR,TOEIC Grammar 800+,Loại từ & Word Forms,5,1,-en,,,Đuôi động từ.,strengthen; broaden; shorten; widen,"toeic,800-plus,grammar,pdf-flashbook",TOEIC Grammar 800+ PDF
Loại từ & Word Forms,-ive,Đuôi tính từ.,,grammar / phrase,effective; productive; competitive; impressive,,GRAMMAR,TOEIC Grammar 800+,Loại từ & Word Forms,5,1,-ive,,,Đuôi tính từ.,effective; productive; competitive; impressive,"toeic,800-plus,grammar,pdf-flashbook",TOEIC Grammar 800+ PDF
Loại từ & Word Forms,-ful,Đuôi tính từ.,,grammar / phrase,successful; helpful; meaningful; careful,,GRAMMAR,TOEIC Grammar 800+,Loại từ & Word Forms,5,1,-ful,,,Đuôi tính từ.,successful; helpful; meaningful; careful,"toeic,800-plus,grammar,pdf-flashbook",TOEIC Grammar 800+ PDF
Loại từ & Word Forms,-less,Đuôi tính từ.,,grammar / phrase,regardless; careless; wireless; countless,,GRAMMAR,TOEIC Grammar 800+,Loại từ & Word Forms,5,1,-less,,,Đuôi tính từ.,regardless; careless; wireless; countless,"toeic,800-plus,grammar,pdf-flashbook",TOEIC Grammar 800+ PDF
Loại từ & Word Forms,-ous,Đuôi tính từ.,,grammar / phrase,various; numerous; previous; enormous,,GRAMMAR,TOEIC Grammar 800+,Loại từ & Word Forms,5,1,-ous,,,Đuôi tính từ.,various; numerous; previous; enormous,"toeic,800-plus,grammar,pdf-flashbook",TOEIC Grammar 800+ PDF
Loại từ & Word Forms,-al (adjective),Đuôi tính từ.,,grammar / phrase,additional; professional; optional; financial,,GRAMMAR,TOEIC Grammar 800+,Loại từ & Word Forms,5,1,-al (adjective),,,Đuôi tính từ.,additional; professional; optional; financial,"toeic,800-plus,grammar,pdf-flashbook",TOEIC Grammar 800+ PDF
Loại từ & Word Forms,-able / -ible,Đuôi tính từ.,,grammar / phrase,available; reliable; flexible; accessible,,GRAMMAR,TOEIC Grammar 800+,Loại từ & Word Forms,5,1,-able / -ible,,,Đuôi tính từ.,available; reliable; flexible; accessible,"toeic,800-plus,grammar,pdf-flashbook",TOEIC Grammar 800+ PDF
Loại từ & Word Forms,-ent / -ant,Đuôi tính từ.,,grammar / phrase,different; significant; relevant; important,,GRAMMAR,TOEIC Grammar 800+,Loại từ & Word Forms,5,1,-ent / -ant,,,Đuôi tính từ.,different; significant; relevant; important,"toeic,800-plus,grammar,pdf-flashbook",TOEIC Grammar 800+ PDF
Loại từ & Word Forms,-ic,Đuôi tính từ.,,grammar / phrase,specific; strategic; automatic; domestic,,GRAMMAR,TOEIC Grammar 800+,Loại từ & Word Forms,5,1,-ic,,,Đuôi tính từ.,specific; strategic; automatic; domestic,"toeic,800-plus,grammar,pdf-flashbook",TOEIC Grammar 800+ PDF
Loại từ & Word Forms,-ed adjective,Tính từ -ed thường mô tả cảm xúc/trạng thái của người bị tác động.,,grammar / phrase,experienced; detailed; satisfied; qualified,,GRAMMAR,TOEIC Grammar 800+,Loại từ & Word Forms,5,1,-ed adjective,,,Tính từ -ed thường mô tả cảm xúc/trạng thái của người bị tác động.,experienced; detailed; satisfied; qualified,"toeic,800-plus,grammar,pdf-flashbook",TOEIC Grammar 800+ PDF
Loại từ & Word Forms,-ing adjective,Tính từ -ing thường mô tả tính chất gây tác động.,,grammar / phrase,outstanding; leading; growing; existing,,GRAMMAR,TOEIC Grammar 800+,Loại từ & Word Forms,5,1,-ing adjective,,,Tính từ -ing thường mô tả tính chất gây tác động.,outstanding; leading; growing; existing,"toeic,800-plus,grammar,pdf-flashbook",TOEIC Grammar 800+ PDF
Loại từ & Word Forms,-ly,Đuôi trạng từ phổ biến.,,grammar / phrase,recently; significantly; approximately; immediately; successfully; carefully; thoroughly; consistently; considerably; frequently; currently; previously,,GRAMMAR,TOEIC Grammar 800+,Loại từ & Word Forms,5,1,-ly,,,Đuôi trạng từ phổ biến.,recently; significantly; approximately; immediately; successfully; carefully; thoroughly; consistently; considerably; frequently; currently; previously,"toeic,800-plus,grammar,pdf-flashbook",TOEIC Grammar 800+ PDF
Loại từ & Word Forms,-ed vs -ing,-ed = cảm xúc/trạng thái của người bị tác động; -ing = tính chất của vật/sự việc gây tác động.,,grammar / phrase,I am bored. / The movie is boring.,,GRAMMAR,TOEIC Grammar 800+,Loại từ & Word Forms,5,1,-ed vs -ing,,,-ed = cảm xúc/trạng thái của người bị tác động; -ing = tính chất của vật/sự việc gây tác động.,I am bored. / The movie is boring.,"toeic,800-plus,grammar,pdf-flashbook",TOEIC Grammar 800+ PDF
Loại từ & Word Forms,Tính từ kết thúc -ly,"Một số từ kết thúc -ly vẫn là tính từ, không phải trạng từ.",,grammar / phrase,friendly; timely; costly; orderly; lively; likely; lovely; lonely,,GRAMMAR,TOEIC Grammar 800+,Loại từ & Word Forms,5,2,adjective ending -ly,,,"Một số từ kết thúc -ly vẫn là tính từ, không phải trạng từ.",friendly; timely; costly; orderly; lively; likely; lovely; lonely,"toeic,800-plus,grammar,pdf-flashbook",TOEIC Grammar 800+ PDF
Chủ–vị,Danh từ không đếm được,"information, equipment, furniture, luggage, advice, merchandise, machinery dùng động từ số ít trong các ví dụ nguồn.",,grammar / phrase,The equipment is expensive.,,GRAMMAR,TOEIC Grammar 800+,Chủ–vị,5,2,uncountable noun + singular verb,,,"information, equipment, furniture, luggage, advice, merchandise, machinery dùng động từ số ít trong các ví dụ nguồn.",The equipment is expensive.,"toeic,800-plus,grammar,pdf-flashbook",TOEIC Grammar 800+ PDF
Cụm giới từ,in advance,trước,,grammar / phrase,,,COLLOCATION,TOEIC Grammar 800+,Cụm giới từ,5,2,in advance,,,trước,in advance,"toeic,800-plus,grammar,pdf-flashbook",TOEIC Grammar 800+ PDF
Cụm giới từ,in charge of,phụ trách,,grammar / phrase,,,COLLOCATION,TOEIC Grammar 800+,Cụm giới từ,5,2,in charge of,,,phụ trách,in charge of,"toeic,800-plus,grammar,pdf-flashbook",TOEIC Grammar 800+ PDF
Cụm giới từ,in accordance with,theo,,grammar / phrase,,,COLLOCATION,TOEIC Grammar 800+,Cụm giới từ,5,2,in accordance with,,,theo,in accordance with,"toeic,800-plus,grammar,pdf-flashbook",TOEIC Grammar 800+ PDF
Cụm giới từ,in addition to,ngoài ra,,grammar / phrase,,,COLLOCATION,TOEIC Grammar 800+,Cụm giới từ,5,2,in addition to,,,ngoài ra,in addition to,"toeic,800-plus,grammar,pdf-flashbook",TOEIC Grammar 800+ PDF
Cụm giới từ,in case of,trong trường hợp,,grammar / phrase,,,COLLOCATION,TOEIC Grammar 800+,Cụm giới từ,5,2,in case of,,,trong trường hợp,in case of,"toeic,800-plus,grammar,pdf-flashbook",TOEIC Grammar 800+ PDF
Cụm giới từ,in compliance with,tuân thủ,,grammar / phrase,,,COLLOCATION,TOEIC Grammar 800+,Cụm giới từ,5,2,in compliance with,,,tuân thủ,in compliance with,"toeic,800-plus,grammar,pdf-flashbook",TOEIC Grammar 800+ PDF
Cụm giới từ,in response to,để phản hồi,,grammar / phrase,,,COLLOCATION,TOEIC Grammar 800+,Cụm giới từ,5,2,in response to,,,để phản hồi,in response to,"toeic,800-plus,grammar,pdf-flashbook",TOEIC Grammar 800+ PDF
Cụm giới từ,in terms of,về mặt,,grammar / phrase,,,COLLOCATION,TOEIC Grammar 800+,Cụm giới từ,5,2,in terms of,,,về mặt,in terms of,"toeic,800-plus,grammar,pdf-flashbook",TOEIC Grammar 800+ PDF
Cụm giới từ,in regard to,liên quan đến,,grammar / phrase,,,COLLOCATION,TOEIC Grammar 800+,Cụm giới từ,5,2,in regard to,,,liên quan đến,in regard to,"toeic,800-plus,grammar,pdf-flashbook",TOEIC Grammar 800+ PDF
Cụm giới từ,in favor of,ủng hộ,,grammar / phrase,,,COLLOCATION,TOEIC Grammar 800+,Cụm giới từ,5,2,in favor of,,,ủng hộ,in favor of,"toeic,800-plus,grammar,pdf-flashbook",TOEIC Grammar 800+ PDF
Cụm giới từ,on behalf of,thay mặt cho,,grammar / phrase,,,COLLOCATION,TOEIC Grammar 800+,Cụm giới từ,5,2,on behalf of,,,thay mặt cho,on behalf of,"toeic,800-plus,grammar,pdf-flashbook",TOEIC Grammar 800+ PDF
Cụm giới từ,on account of,"do, bởi vì",,grammar / phrase,,,COLLOCATION,TOEIC Grammar 800+,Cụm giới từ,5,2,on account of,,,"do, bởi vì",on account of,"toeic,800-plus,grammar,pdf-flashbook",TOEIC Grammar 800+ PDF
Cụm giới từ,on time,đúng giờ,,grammar / phrase,,,COLLOCATION,TOEIC Grammar 800+,Cụm giới từ,5,2,on time,,,đúng giờ,on time,"toeic,800-plus,grammar,pdf-flashbook",TOEIC Grammar 800+ PDF
Cụm giới từ,on schedule,đúng tiến độ,,grammar / phrase,,,COLLOCATION,TOEIC Grammar 800+,Cụm giới từ,5,2,on schedule,,,đúng tiến độ,on schedule,"toeic,800-plus,grammar,pdf-flashbook",TOEIC Grammar 800+ PDF
Cụm giới từ,at no additional cost,không tính thêm phí,,grammar / phrase,,,COLLOCATION,TOEIC Grammar 800+,Cụm giới từ,5,2,at no additional cost,,,không tính thêm phí,at no additional cost,"toeic,800-plus,grammar,pdf-flashbook",TOEIC Grammar 800+ PDF
Cụm giới từ,with regard to,liên quan đến,,grammar / phrase,,,COLLOCATION,TOEIC Grammar 800+,Cụm giới từ,5,2,with regard to,,,liên quan đến,with regard to,"toeic,800-plus,grammar,pdf-flashbook",TOEIC Grammar 800+ PDF
Cụm giới từ,regardless of,bất kể,,grammar / phrase,,,COLLOCATION,TOEIC Grammar 800+,Cụm giới từ,5,2,regardless of,,,bất kể,regardless of,"toeic,800-plus,grammar,pdf-flashbook",TOEIC Grammar 800+ PDF
Cụm giới từ,as of,kể từ,,grammar / phrase,,,COLLOCATION,TOEIC Grammar 800+,Cụm giới từ,5,2,as of,,,kể từ,as of,"toeic,800-plus,grammar,pdf-flashbook",TOEIC Grammar 800+ PDF
Cụm giới từ,due to,"do, vì",,grammar / phrase,,,COLLOCATION,TOEIC Grammar 800+,Cụm giới từ,5,2,due to,,,"do, vì",due to,"toeic,800-plus,grammar,pdf-flashbook",TOEIC Grammar 800+ PDF
Cụm giới từ,owing to,"do, vì",,grammar / phrase,,,COLLOCATION,TOEIC Grammar 800+,Cụm giới từ,5,2,owing to,,,"do, vì",owing to,"toeic,800-plus,grammar,pdf-flashbook",TOEIC Grammar 800+ PDF
Cụm giới từ,except for,ngoại trừ,,grammar / phrase,,,COLLOCATION,TOEIC Grammar 800+,Cụm giới từ,5,2,except for,,,ngoại trừ,except for,"toeic,800-plus,grammar,pdf-flashbook",TOEIC Grammar 800+ PDF
Cụm giới từ,instead of,thay vì,,grammar / phrase,,,COLLOCATION,TOEIC Grammar 800+,Cụm giới từ,5,2,instead of,,,thay vì,instead of,"toeic,800-plus,grammar,pdf-flashbook",TOEIC Grammar 800+ PDF
Cụm giới từ,according to,theo,,grammar / phrase,,,COLLOCATION,TOEIC Grammar 800+,Cụm giới từ,5,2,according to,,,theo,according to,"toeic,800-plus,grammar,pdf-flashbook",TOEIC Grammar 800+ PDF
Cụm giới từ,as a result of,kết quả của,,grammar / phrase,,,COLLOCATION,TOEIC Grammar 800+,Cụm giới từ,5,2,as a result of,,,kết quả của,as a result of,"toeic,800-plus,grammar,pdf-flashbook",TOEIC Grammar 800+ PDF
Động từ + giới từ,apply for,nộp đơn xin,,grammar / phrase,,,COLLOCATION,TOEIC Grammar 800+,Động từ + giới từ,5,2,apply for,,,nộp đơn xin,apply for,"toeic,800-plus,grammar,pdf-flashbook",TOEIC Grammar 800+ PDF
Động từ + giới từ,comply with,tuân thủ,,grammar / phrase,,,COLLOCATION,TOEIC Grammar 800+,Động từ + giới từ,5,2,comply with,,,tuân thủ,comply with,"toeic,800-plus,grammar,pdf-flashbook",TOEIC Grammar 800+ PDF
Động từ + giới từ,contribute to,đóng góp,,grammar / phrase,,,COLLOCATION,TOEIC Grammar 800+,Động từ + giới từ,5,2,contribute to,,,đóng góp,contribute to,"toeic,800-plus,grammar,pdf-flashbook",TOEIC Grammar 800+ PDF
Động từ + giới từ,deal with,giải quyết,,grammar / phrase,,,COLLOCATION,TOEIC Grammar 800+,Động từ + giới từ,5,2,deal with,,,giải quyết,deal with,"toeic,800-plus,grammar,pdf-flashbook",TOEIC Grammar 800+ PDF
Động từ + giới từ,depend on,phụ thuộc,,grammar / phrase,,,COLLOCATION,TOEIC Grammar 800+,Động từ + giới từ,5,2,depend on,,,phụ thuộc,depend on,"toeic,800-plus,grammar,pdf-flashbook",TOEIC Grammar 800+ PDF
Động từ + giới từ,participate in,tham gia,,grammar / phrase,,,COLLOCATION,TOEIC Grammar 800+,Động từ + giới từ,5,2,participate in,,,tham gia,participate in,"toeic,800-plus,grammar,pdf-flashbook",TOEIC Grammar 800+ PDF
Động từ + giới từ,refer to,đề cập đến,,grammar / phrase,,,COLLOCATION,TOEIC Grammar 800+,Động từ + giới từ,5,2,refer to,,,đề cập đến,refer to,"toeic,800-plus,grammar,pdf-flashbook",TOEIC Grammar 800+ PDF
Động từ + giới từ,result in,dẫn đến,,grammar / phrase,,,COLLOCATION,TOEIC Grammar 800+,Động từ + giới từ,5,2,result in,,,dẫn đến,result in,"toeic,800-plus,grammar,pdf-flashbook",TOEIC Grammar 800+ PDF
Động từ + giới từ,respond to,phản hồi,,grammar / phrase,,,COLLOCATION,TOEIC Grammar 800+,Động từ + giới từ,5,2,respond to,,,phản hồi,respond to,"toeic,800-plus,grammar,pdf-flashbook",TOEIC Grammar 800+ PDF
Động từ + giới từ,specialize in,chuyên về,,grammar / phrase,,,COLLOCATION,TOEIC Grammar 800+,Động từ + giới từ,5,2,specialize in,,,chuyên về,specialize in,"toeic,800-plus,grammar,pdf-flashbook",TOEIC Grammar 800+ PDF
Động từ + giới từ,account for,chiếm / giải thích,,grammar / phrase,,,COLLOCATION,TOEIC Grammar 800+,Động từ + giới từ,5,2,account for,,,chiếm / giải thích,account for,"toeic,800-plus,grammar,pdf-flashbook",TOEIC Grammar 800+ PDF
Động từ + giới từ,consist of,gồm có,,grammar / phrase,,,COLLOCATION,TOEIC Grammar 800+,Động từ + giới từ,5,2,consist of,,,gồm có,consist of,"toeic,800-plus,grammar,pdf-flashbook",TOEIC Grammar 800+ PDF
Động từ + giới từ,benefit from,hưởng lợi,,grammar / phrase,,,COLLOCATION,TOEIC Grammar 800+,Động từ + giới từ,5,2,benefit from,,,hưởng lợi,benefit from,"toeic,800-plus,grammar,pdf-flashbook",TOEIC Grammar 800+ PDF
Động từ + giới từ,approve of,tán thành,,grammar / phrase,,,COLLOCATION,TOEIC Grammar 800+,Động từ + giới từ,5,2,approve of,,,tán thành,approve of,"toeic,800-plus,grammar,pdf-flashbook",TOEIC Grammar 800+ PDF
Động từ + giới từ,agree with,đồng ý với người,,grammar / phrase,,,COLLOCATION,TOEIC Grammar 800+,Động từ + giới từ,5,2,agree with,,,đồng ý với người,agree with,"toeic,800-plus,grammar,pdf-flashbook",TOEIC Grammar 800+ PDF
Động từ + giới từ,agree on,thống nhất về vấn đề,,grammar / phrase,,,COLLOCATION,TOEIC Grammar 800+,Động từ + giới từ,5,2,agree on,,,thống nhất về vấn đề,agree on,"toeic,800-plus,grammar,pdf-flashbook",TOEIC Grammar 800+ PDF
Động từ + giới từ,agree to,đồng ý với đề xuất,,grammar / phrase,,,COLLOCATION,TOEIC Grammar 800+,Động từ + giới từ,5,2,agree to,,,đồng ý với đề xuất,agree to,"toeic,800-plus,grammar,pdf-flashbook",TOEIC Grammar 800+ PDF
Động từ + giới từ,look forward to,mong đợi; theo sau bởi N/V-ing,,grammar / phrase,,,COLLOCATION,TOEIC Grammar 800+,Động từ + giới từ,5,2,look forward to,,,mong đợi; theo sau bởi N/V-ing,look forward to,"toeic,800-plus,grammar,pdf-flashbook",TOEIC Grammar 800+ PDF
Tính từ + giới từ,responsible for,chịu trách nhiệm,,grammar / phrase,,,COLLOCATION,TOEIC Grammar 800+,Tính từ + giới từ,5,2,responsible for,,,chịu trách nhiệm,responsible for,"toeic,800-plus,grammar,pdf-flashbook",TOEIC Grammar 800+ PDF
Tính từ + giới từ,capable of,có khả năng,,grammar / phrase,,,COLLOCATION,TOEIC Grammar 800+,Tính từ + giới từ,5,2,capable of,,,có khả năng,capable of,"toeic,800-plus,grammar,pdf-flashbook",TOEIC Grammar 800+ PDF
Tính từ + giới từ,eligible for,đủ điều kiện,,grammar / phrase,,,COLLOCATION,TOEIC Grammar 800+,Tính từ + giới từ,5,2,eligible for,,,đủ điều kiện,eligible for,"toeic,800-plus,grammar,pdf-flashbook",TOEIC Grammar 800+ PDF
Tính từ + giới từ,familiar with,quen thuộc,,grammar / phrase,,,COLLOCATION,TOEIC Grammar 800+,Tính từ + giới từ,5,2,familiar with,,,quen thuộc,familiar with,"toeic,800-plus,grammar,pdf-flashbook",TOEIC Grammar 800+ PDF
Tính từ + giới từ,interested in,quan tâm,,grammar / phrase,,,COLLOCATION,TOEIC Grammar 800+,Tính từ + giới từ,5,2,interested in,,,quan tâm,interested in,"toeic,800-plus,grammar,pdf-flashbook",TOEIC Grammar 800+ PDF
Tính từ + giới từ,satisfied with,hài lòng,,grammar / phrase,,,COLLOCATION,TOEIC Grammar 800+,Tính từ + giới từ,5,2,satisfied with,,,hài lòng,satisfied with,"toeic,800-plus,grammar,pdf-flashbook",TOEIC Grammar 800+ PDF
Tính từ + giới từ,committed to,cam kết,,grammar / phrase,,,COLLOCATION,TOEIC Grammar 800+,Tính từ + giới từ,5,2,committed to,,,cam kết,committed to,"toeic,800-plus,grammar,pdf-flashbook",TOEIC Grammar 800+ PDF
Tính từ + giới từ,subject to,phải chịu / tùy thuộc,,grammar / phrase,,,COLLOCATION,TOEIC Grammar 800+,Tính từ + giới từ,5,2,subject to,,,phải chịu / tùy thuộc,subject to,"toeic,800-plus,grammar,pdf-flashbook",TOEIC Grammar 800+ PDF
Tính từ + giới từ,based on,dựa trên,,grammar / phrase,,,COLLOCATION,TOEIC Grammar 800+,Tính từ + giới từ,5,2,based on,,,dựa trên,based on,"toeic,800-plus,grammar,pdf-flashbook",TOEIC Grammar 800+ PDF
Tính từ + giới từ,concerned about,lo ngại về,,grammar / phrase,,,COLLOCATION,TOEIC Grammar 800+,Tính từ + giới từ,5,2,concerned about,,,lo ngại về,concerned about,"toeic,800-plus,grammar,pdf-flashbook",TOEIC Grammar 800+ PDF
Tính từ + giới từ,available for / to,có sẵn cho,,grammar / phrase,,,COLLOCATION,TOEIC Grammar 800+,Tính từ + giới từ,5,2,available for / to,,,có sẵn cho,available for / to,"toeic,800-plus,grammar,pdf-flashbook",TOEIC Grammar 800+ PDF
Tính từ + giới từ,suitable for,phù hợp cho,,grammar / phrase,,,COLLOCATION,TOEIC Grammar 800+,Tính từ + giới từ,5,2,suitable for,,,phù hợp cho,suitable for,"toeic,800-plus,grammar,pdf-flashbook",TOEIC Grammar 800+ PDF
Tính từ + giới từ,aware of,nhận thức về,,grammar / phrase,,,COLLOCATION,TOEIC Grammar 800+,Tính từ + giới từ,5,2,aware of,,,nhận thức về,aware of,"toeic,800-plus,grammar,pdf-flashbook",TOEIC Grammar 800+ PDF
Tính từ + giới từ,consistent with,nhất quán với,,grammar / phrase,,,COLLOCATION,TOEIC Grammar 800+,Tính từ + giới từ,5,2,consistent with,,,nhất quán với,consistent with,"toeic,800-plus,grammar,pdf-flashbook",TOEIC Grammar 800+ PDF
Tính từ + giới từ,similar to,tương tự,,grammar / phrase,,,COLLOCATION,TOEIC Grammar 800+,Tính từ + giới từ,5,2,similar to,,,tương tự,similar to,"toeic,800-plus,grammar,pdf-flashbook",TOEIC Grammar 800+ PDF
Tính từ + giới từ,different from,khác với,,grammar / phrase,,,COLLOCATION,TOEIC Grammar 800+,Tính từ + giới từ,5,2,different from,,,khác với,different from,"toeic,800-plus,grammar,pdf-flashbook",TOEIC Grammar 800+ PDF
Liên từ đẳng lập,and,và,,grammar / phrase,,,GRAMMAR,TOEIC Grammar 800+,Liên từ đẳng lập,5,1,and + mệnh đề ngang hàng,,,và,and,"toeic,800-plus,grammar,pdf-flashbook",TOEIC Grammar 800+ PDF
Liên từ đẳng lập,but,nhưng,,grammar / phrase,,,GRAMMAR,TOEIC Grammar 800+,Liên từ đẳng lập,5,1,but + mệnh đề ngang hàng,,,nhưng,but,"toeic,800-plus,grammar,pdf-flashbook",TOEIC Grammar 800+ PDF
Liên từ đẳng lập,or,hoặc,,grammar / phrase,,,GRAMMAR,TOEIC Grammar 800+,Liên từ đẳng lập,5,1,or + mệnh đề ngang hàng,,,hoặc,or,"toeic,800-plus,grammar,pdf-flashbook",TOEIC Grammar 800+ PDF
Liên từ đẳng lập,so,nên,,grammar / phrase,,,GRAMMAR,TOEIC Grammar 800+,Liên từ đẳng lập,5,1,so + mệnh đề ngang hàng,,,nên,so,"toeic,800-plus,grammar,pdf-flashbook",TOEIC Grammar 800+ PDF
Liên từ đẳng lập,yet,nhưng mà,,grammar / phrase,,,GRAMMAR,TOEIC Grammar 800+,Liên từ đẳng lập,5,1,yet + mệnh đề ngang hàng,,,nhưng mà,yet,"toeic,800-plus,grammar,pdf-flashbook",TOEIC Grammar 800+ PDF
Liên từ đẳng lập,nor,cũng không,,grammar / phrase,,,GRAMMAR,TOEIC Grammar 800+,Liên từ đẳng lập,5,1,nor + mệnh đề ngang hàng,,,cũng không,nor,"toeic,800-plus,grammar,pdf-flashbook",TOEIC Grammar 800+ PDF
Liên từ phụ thuộc,because,vì,,grammar / phrase,,,GRAMMAR,TOEIC Grammar 800+,Liên từ phụ thuộc,5,2,because + S + V,,,vì,because,"toeic,800-plus,grammar,pdf-flashbook",TOEIC Grammar 800+ PDF
Liên từ phụ thuộc,since,vì,,grammar / phrase,,,GRAMMAR,TOEIC Grammar 800+,Liên từ phụ thuộc,5,2,since + S + V,,,vì,since,"toeic,800-plus,grammar,pdf-flashbook",TOEIC Grammar 800+ PDF
Liên từ phụ thuộc,as,vì,,grammar / phrase,,,GRAMMAR,TOEIC Grammar 800+,Liên từ phụ thuộc,5,2,as + S + V,,,vì,as,"toeic,800-plus,grammar,pdf-flashbook",TOEIC Grammar 800+ PDF
Liên từ phụ thuộc,although,mặc dù,,grammar / phrase,,,GRAMMAR,TOEIC Grammar 800+,Liên từ phụ thuộc,5,2,although + S + V,,,mặc dù,although,"toeic,800-plus,grammar,pdf-flashbook",TOEIC Grammar 800+ PDF
Liên từ phụ thuộc,though,mặc dù,,grammar / phrase,,,GRAMMAR,TOEIC Grammar 800+,Liên từ phụ thuộc,5,2,though + S + V,,,mặc dù,though,"toeic,800-plus,grammar,pdf-flashbook",TOEIC Grammar 800+ PDF
Liên từ phụ thuộc,even though,mặc dù,,grammar / phrase,,,GRAMMAR,TOEIC Grammar 800+,Liên từ phụ thuộc,5,2,even though + S + V,,,mặc dù,even though,"toeic,800-plus,grammar,pdf-flashbook",TOEIC Grammar 800+ PDF
Liên từ phụ thuộc,if,nếu,,grammar / phrase,,,GRAMMAR,TOEIC Grammar 800+,Liên từ phụ thuộc,5,2,if + S + V,,,nếu,if,"toeic,800-plus,grammar,pdf-flashbook",TOEIC Grammar 800+ PDF
Liên từ phụ thuộc,unless,trừ khi,,grammar / phrase,,,GRAMMAR,TOEIC Grammar 800+,Liên từ phụ thuộc,5,2,unless + S + V,,,trừ khi,unless,"toeic,800-plus,grammar,pdf-flashbook",TOEIC Grammar 800+ PDF
Liên từ phụ thuộc,provided that,miễn là,,grammar / phrase,,,GRAMMAR,TOEIC Grammar 800+,Liên từ phụ thuộc,5,2,provided that + S + V,,,miễn là,provided that,"toeic,800-plus,grammar,pdf-flashbook",TOEIC Grammar 800+ PDF
Liên từ phụ thuộc,when,khi,,grammar / phrase,,,GRAMMAR,TOEIC Grammar 800+,Liên từ phụ thuộc,5,2,when + S + V,,,khi,when,"toeic,800-plus,grammar,pdf-flashbook",TOEIC Grammar 800+ PDF
Liên từ phụ thuộc,while,trong khi,,grammar / phrase,,,GRAMMAR,TOEIC Grammar 800+,Liên từ phụ thuộc,5,2,while + S + V,,,trong khi,while,"toeic,800-plus,grammar,pdf-flashbook",TOEIC Grammar 800+ PDF
Liên từ phụ thuộc,before,trước khi,,grammar / phrase,,,GRAMMAR,TOEIC Grammar 800+,Liên từ phụ thuộc,5,2,before + S + V,,,trước khi,before,"toeic,800-plus,grammar,pdf-flashbook",TOEIC Grammar 800+ PDF
Liên từ phụ thuộc,after,sau khi,,grammar / phrase,,,GRAMMAR,TOEIC Grammar 800+,Liên từ phụ thuộc,5,2,after + S + V,,,sau khi,after,"toeic,800-plus,grammar,pdf-flashbook",TOEIC Grammar 800+ PDF
Liên từ phụ thuộc,until,cho đến khi,,grammar / phrase,,,GRAMMAR,TOEIC Grammar 800+,Liên từ phụ thuộc,5,2,until + S + V,,,cho đến khi,until,"toeic,800-plus,grammar,pdf-flashbook",TOEIC Grammar 800+ PDF
Liên từ phụ thuộc,once,một khi / khi,,grammar / phrase,,,GRAMMAR,TOEIC Grammar 800+,Liên từ phụ thuộc,5,2,once + S + V,,,một khi / khi,once,"toeic,800-plus,grammar,pdf-flashbook",TOEIC Grammar 800+ PDF
Liên từ phụ thuộc,as soon as,ngay khi,,grammar / phrase,,,GRAMMAR,TOEIC Grammar 800+,Liên từ phụ thuộc,5,2,as soon as + S + V,,,ngay khi,as soon as,"toeic,800-plus,grammar,pdf-flashbook",TOEIC Grammar 800+ PDF
Liên từ phụ thuộc,so that,để mà,,grammar / phrase,,,GRAMMAR,TOEIC Grammar 800+,Liên từ phụ thuộc,5,2,so that + S + V,,,để mà,so that,"toeic,800-plus,grammar,pdf-flashbook",TOEIC Grammar 800+ PDF
Liên từ phụ thuộc,where,nơi mà,,grammar / phrase,,,GRAMMAR,TOEIC Grammar 800+,Liên từ phụ thuộc,5,2,where + S + V,,,nơi mà,where,"toeic,800-plus,grammar,pdf-flashbook",TOEIC Grammar 800+ PDF
Liên từ phụ thuộc,wherever,bất cứ nơi nào,,grammar / phrase,,,GRAMMAR,TOEIC Grammar 800+,Liên từ phụ thuộc,5,2,wherever + S + V,,,bất cứ nơi nào,wherever,"toeic,800-plus,grammar,pdf-flashbook",TOEIC Grammar 800+ PDF
Trạng từ nối,Moreover,Hơn nữa,,grammar / phrase,,,GRAMMAR,TOEIC Grammar 800+,Trạng từ nối,5,2,"Câu 1. Connector, câu 2.",,,Hơn nữa,Moreover,"toeic,800-plus,grammar,pdf-flashbook",TOEIC Grammar 800+ PDF
Trạng từ nối,Furthermore,Hơn nữa,,grammar / phrase,,,GRAMMAR,TOEIC Grammar 800+,Trạng từ nối,5,2,"Câu 1. Connector, câu 2.",,,Hơn nữa,Furthermore,"toeic,800-plus,grammar,pdf-flashbook",TOEIC Grammar 800+ PDF
Trạng từ nối,In addition,Hơn nữa / ngoài ra,,grammar / phrase,,,GRAMMAR,TOEIC Grammar 800+,Trạng từ nối,5,2,"Câu 1. Connector, câu 2.",,,Hơn nữa / ngoài ra,In addition,"toeic,800-plus,grammar,pdf-flashbook",TOEIC Grammar 800+ PDF
Trạng từ nối,Additionally,Hơn nữa,,grammar / phrase,,,GRAMMAR,TOEIC Grammar 800+,Trạng từ nối,5,2,"Câu 1. Connector, câu 2.",,,Hơn nữa,Additionally,"toeic,800-plus,grammar,pdf-flashbook",TOEIC Grammar 800+ PDF
Trạng từ nối,However,Tuy nhiên,,grammar / phrase,,,GRAMMAR,TOEIC Grammar 800+,Trạng từ nối,5,2,"Câu 1. Connector, câu 2.",,,Tuy nhiên,However,"toeic,800-plus,grammar,pdf-flashbook",TOEIC Grammar 800+ PDF
Trạng từ nối,Nevertheless,Tuy nhiên,,grammar / phrase,,,GRAMMAR,TOEIC Grammar 800+,Trạng từ nối,5,2,"Câu 1. Connector, câu 2.",,,Tuy nhiên,Nevertheless,"toeic,800-plus,grammar,pdf-flashbook",TOEIC Grammar 800+ PDF
Trạng từ nối,Nonetheless,Tuy nhiên,,grammar / phrase,,,GRAMMAR,TOEIC Grammar 800+,Trạng từ nối,5,2,"Câu 1. Connector, câu 2.",,,Tuy nhiên,Nonetheless,"toeic,800-plus,grammar,pdf-flashbook",TOEIC Grammar 800+ PDF
Trạng từ nối,Therefore,Do đó,,grammar / phrase,,,GRAMMAR,TOEIC Grammar 800+,Trạng từ nối,5,2,"Câu 1. Connector, câu 2.",,,Do đó,Therefore,"toeic,800-plus,grammar,pdf-flashbook",TOEIC Grammar 800+ PDF
Trạng từ nối,Consequently,Do đó,,grammar / phrase,,,GRAMMAR,TOEIC Grammar 800+,Trạng từ nối,5,2,"Câu 1. Connector, câu 2.",,,Do đó,Consequently,"toeic,800-plus,grammar,pdf-flashbook",TOEIC Grammar 800+ PDF
Trạng từ nối,As a result,Do đó / kết quả là,,grammar / phrase,,,GRAMMAR,TOEIC Grammar 800+,Trạng từ nối,5,2,"Câu 1. Connector, câu 2.",,,Do đó / kết quả là,As a result,"toeic,800-plus,grammar,pdf-flashbook",TOEIC Grammar 800+ PDF
Trạng từ nối,Thus,Do đó,,grammar / phrase,,,GRAMMAR,TOEIC Grammar 800+,Trạng từ nối,5,2,"Câu 1. Connector, câu 2.",,,Do đó,Thus,"toeic,800-plus,grammar,pdf-flashbook",TOEIC Grammar 800+ PDF
Trạng từ nối,For example,Ví dụ,,grammar / phrase,,,GRAMMAR,TOEIC Grammar 800+,Trạng từ nối,5,2,"Câu 1. Connector, câu 2.",,,Ví dụ,For example,"toeic,800-plus,grammar,pdf-flashbook",TOEIC Grammar 800+ PDF
Trạng từ nối,For instance,Ví dụ,,grammar / phrase,,,GRAMMAR,TOEIC Grammar 800+,Trạng từ nối,5,2,"Câu 1. Connector, câu 2.",,,Ví dụ,For instance,"toeic,800-plus,grammar,pdf-flashbook",TOEIC Grammar 800+ PDF
Trạng từ nối,In other words,Nói cách khác,,grammar / phrase,,,GRAMMAR,TOEIC Grammar 800+,Trạng từ nối,5,2,"Câu 1. Connector, câu 2.",,,Nói cách khác,In other words,"toeic,800-plus,grammar,pdf-flashbook",TOEIC Grammar 800+ PDF
Trạng từ nối,That is,Nói cách khác,,grammar / phrase,,,GRAMMAR,TOEIC Grammar 800+,Trạng từ nối,5,2,"Câu 1. Connector, câu 2.",,,Nói cách khác,That is,"toeic,800-plus,grammar,pdf-flashbook",TOEIC Grammar 800+ PDF
Trạng từ nối,Instead,Thay vào đó,,grammar / phrase,,,GRAMMAR,TOEIC Grammar 800+,Trạng từ nối,5,2,"Câu 1. Connector, câu 2.",,,Thay vào đó,Instead,"toeic,800-plus,grammar,pdf-flashbook",TOEIC Grammar 800+ PDF
Trạng từ nối,Otherwise,Thay vào đó / nếu không,,grammar / phrase,,,GRAMMAR,TOEIC Grammar 800+,Trạng từ nối,5,2,"Câu 1. Connector, câu 2.",,,Thay vào đó / nếu không,Otherwise,"toeic,800-plus,grammar,pdf-flashbook",TOEIC Grammar 800+ PDF
Trạng từ nối,Alternatively,Thay vào đó / phương án khác,,grammar / phrase,,,GRAMMAR,TOEIC Grammar 800+,Trạng từ nối,5,2,"Câu 1. Connector, câu 2.",,,Thay vào đó / phương án khác,Alternatively,"toeic,800-plus,grammar,pdf-flashbook",TOEIC Grammar 800+ PDF
Trạng từ nối,Similarly,Tương tự,,grammar / phrase,,,GRAMMAR,TOEIC Grammar 800+,Trạng từ nối,5,2,"Câu 1. Connector, câu 2.",,,Tương tự,Similarly,"toeic,800-plus,grammar,pdf-flashbook",TOEIC Grammar 800+ PDF
Trạng từ nối,Likewise,Tương tự,,grammar / phrase,,,GRAMMAR,TOEIC Grammar 800+,Trạng từ nối,5,2,"Câu 1. Connector, câu 2.",,,Tương tự,Likewise,"toeic,800-plus,grammar,pdf-flashbook",TOEIC Grammar 800+ PDF
Trạng từ nối,Meanwhile,Trong khi đó,,grammar / phrase,,,GRAMMAR,TOEIC Grammar 800+,Trạng từ nối,5,2,"Câu 1. Connector, câu 2.",,,Trong khi đó,Meanwhile,"toeic,800-plus,grammar,pdf-flashbook",TOEIC Grammar 800+ PDF
Trạng từ nối,In the meantime,Trong khi đó,,grammar / phrase,,,GRAMMAR,TOEIC Grammar 800+,Trạng từ nối,5,2,"Câu 1. Connector, câu 2.",,,Trong khi đó,In the meantime,"toeic,800-plus,grammar,pdf-flashbook",TOEIC Grammar 800+ PDF
Giới từ nối,Despite,mặc dù,,grammar / phrase,,,GRAMMAR,TOEIC Grammar 800+,Giới từ nối,5,2,despite + N/V-ing,,,mặc dù,Despite,"toeic,800-plus,grammar,pdf-flashbook",TOEIC Grammar 800+ PDF
Giới từ nối,In spite of,mặc dù,,grammar / phrase,,,GRAMMAR,TOEIC Grammar 800+,Giới từ nối,5,2,in spite of + N/V-ing,,,mặc dù,In spite of,"toeic,800-plus,grammar,pdf-flashbook",TOEIC Grammar 800+ PDF
Giới từ nối,Because of,bởi vì,,grammar / phrase,,,GRAMMAR,TOEIC Grammar 800+,Giới từ nối,5,2,because of + N/V-ing,,,bởi vì,Because of,"toeic,800-plus,grammar,pdf-flashbook",TOEIC Grammar 800+ PDF
Giới từ nối,Due to,bởi vì,,grammar / phrase,,,GRAMMAR,TOEIC Grammar 800+,Giới từ nối,5,2,due to + N,,,bởi vì,Due to,"toeic,800-plus,grammar,pdf-flashbook",TOEIC Grammar 800+ PDF
Giới từ nối,Owing to,bởi vì,,grammar / phrase,,,GRAMMAR,TOEIC Grammar 800+,Giới từ nối,5,2,owing to + N,,,bởi vì,Owing to,"toeic,800-plus,grammar,pdf-flashbook",TOEIC Grammar 800+ PDF
Giới từ nối,During,trong suốt,,grammar / phrase,,,GRAMMAR,TOEIC Grammar 800+,Giới từ nối,5,2,during + N,,,trong suốt,During,"toeic,800-plus,grammar,pdf-flashbook",TOEIC Grammar 800+ PDF
Bẫy liên từ,although vs despite,although + S + V ↔ despite + N/V-ing,,grammar / phrase,,,GRAMMAR,TOEIC Grammar 800+,Bẫy liên từ,5,3,although + S+V / despite + N/V-ing,,,although + S + V ↔ despite + N/V-ing,although vs despite,"toeic,800-plus,grammar,pdf-flashbook",TOEIC Grammar 800+ PDF
Bẫy liên từ,because vs because of,because + S + V ↔ because of + N/V-ing,,grammar / phrase,,,GRAMMAR,TOEIC Grammar 800+,Bẫy liên từ,5,3,because + S+V / because of + N/V-ing,,,because + S + V ↔ because of + N/V-ing,because vs because of,"toeic,800-plus,grammar,pdf-flashbook",TOEIC Grammar 800+ PDF
Bẫy liên từ,while vs during,while + S + V ↔ during + N,,grammar / phrase,,,GRAMMAR,TOEIC Grammar 800+,Bẫy liên từ,5,3,while + S+V / during + N,,,while + S + V ↔ during + N,while vs during,"toeic,800-plus,grammar,pdf-flashbook",TOEIC Grammar 800+ PDF
Gerund · V-ing,enjoy + V-ing,Động từ này đi với V-ing theo danh sách trong PDF.,,grammar / phrase,,,GRAMMAR,TOEIC Grammar 800+,Gerund · V-ing,5,2,enjoy + V-ing,,,Động từ này đi với V-ing theo danh sách trong PDF.,enjoy + V-ing,"toeic,800-plus,grammar,pdf-flashbook",TOEIC Grammar 800+ PDF
Gerund · V-ing,avoid + V-ing,Động từ này đi với V-ing theo danh sách trong PDF.,,grammar / phrase,,,GRAMMAR,TOEIC Grammar 800+,Gerund · V-ing,5,2,avoid + V-ing,,,Động từ này đi với V-ing theo danh sách trong PDF.,avoid + V-ing,"toeic,800-plus,grammar,pdf-flashbook",TOEIC Grammar 800+ PDF
Gerund · V-ing,consider + V-ing,Động từ này đi với V-ing theo danh sách trong PDF.,,grammar / phrase,,,GRAMMAR,TOEIC Grammar 800+,Gerund · V-ing,5,2,consider + V-ing,,,Động từ này đi với V-ing theo danh sách trong PDF.,consider + V-ing,"toeic,800-plus,grammar,pdf-flashbook",TOEIC Grammar 800+ PDF
Gerund · V-ing,suggest + V-ing,Động từ này đi với V-ing theo danh sách trong PDF.,,grammar / phrase,,,GRAMMAR,TOEIC Grammar 800+,Gerund · V-ing,5,2,suggest + V-ing,,,Động từ này đi với V-ing theo danh sách trong PDF.,suggest + V-ing,"toeic,800-plus,grammar,pdf-flashbook",TOEIC Grammar 800+ PDF
Gerund · V-ing,recommend + V-ing,Động từ này đi với V-ing theo danh sách trong PDF.,,grammar / phrase,,,GRAMMAR,TOEIC Grammar 800+,Gerund · V-ing,5,2,recommend + V-ing,,,Động từ này đi với V-ing theo danh sách trong PDF.,recommend + V-ing,"toeic,800-plus,grammar,pdf-flashbook",TOEIC Grammar 800+ PDF
Gerund · V-ing,postpone + V-ing,Động từ này đi với V-ing theo danh sách trong PDF.,,grammar / phrase,,,GRAMMAR,TOEIC Grammar 800+,Gerund · V-ing,5,2,postpone + V-ing,,,Động từ này đi với V-ing theo danh sách trong PDF.,postpone + V-ing,"toeic,800-plus,grammar,pdf-flashbook",TOEIC Grammar 800+ PDF
Gerund · V-ing,delay + V-ing,Động từ này đi với V-ing theo danh sách trong PDF.,,grammar / phrase,,,GRAMMAR,TOEIC Grammar 800+,Gerund · V-ing,5,2,delay + V-ing,,,Động từ này đi với V-ing theo danh sách trong PDF.,delay + V-ing,"toeic,800-plus,grammar,pdf-flashbook",TOEIC Grammar 800+ PDF
Gerund · V-ing,mind + V-ing,Động từ này đi với V-ing theo danh sách trong PDF.,,grammar / phrase,,,GRAMMAR,TOEIC Grammar 800+,Gerund · V-ing,5,2,mind + V-ing,,,Động từ này đi với V-ing theo danh sách trong PDF.,mind + V-ing,"toeic,800-plus,grammar,pdf-flashbook",TOEIC Grammar 800+ PDF
Gerund · V-ing,finish + V-ing,Động từ này đi với V-ing theo danh sách trong PDF.,,grammar / phrase,,,GRAMMAR,TOEIC Grammar 800+,Gerund · V-ing,5,2,finish + V-ing,,,Động từ này đi với V-ing theo danh sách trong PDF.,finish + V-ing,"toeic,800-plus,grammar,pdf-flashbook",TOEIC Grammar 800+ PDF
Gerund · V-ing,practice + V-ing,Động từ này đi với V-ing theo danh sách trong PDF.,,grammar / phrase,,,GRAMMAR,TOEIC Grammar 800+,Gerund · V-ing,5,2,practice + V-ing,,,Động từ này đi với V-ing theo danh sách trong PDF.,practice + V-ing,"toeic,800-plus,grammar,pdf-flashbook",TOEIC Grammar 800+ PDF
Gerund · V-ing,admit + V-ing,Động từ này đi với V-ing theo danh sách trong PDF.,,grammar / phrase,,,GRAMMAR,TOEIC Grammar 800+,Gerund · V-ing,5,2,admit + V-ing,,,Động từ này đi với V-ing theo danh sách trong PDF.,admit + V-ing,"toeic,800-plus,grammar,pdf-flashbook",TOEIC Grammar 800+ PDF
Gerund · V-ing,deny + V-ing,Động từ này đi với V-ing theo danh sách trong PDF.,,grammar / phrase,,,GRAMMAR,TOEIC Grammar 800+,Gerund · V-ing,5,2,deny + V-ing,,,Động từ này đi với V-ing theo danh sách trong PDF.,deny + V-ing,"toeic,800-plus,grammar,pdf-flashbook",TOEIC Grammar 800+ PDF
Gerund · V-ing,risk + V-ing,Động từ này đi với V-ing theo danh sách trong PDF.,,grammar / phrase,,,GRAMMAR,TOEIC Grammar 800+,Gerund · V-ing,5,2,risk + V-ing,,,Động từ này đi với V-ing theo danh sách trong PDF.,risk + V-ing,"toeic,800-plus,grammar,pdf-flashbook",TOEIC Grammar 800+ PDF
Gerund · V-ing,involve + V-ing,Động từ này đi với V-ing theo danh sách trong PDF.,,grammar / phrase,,,GRAMMAR,TOEIC Grammar 800+,Gerund · V-ing,5,2,involve + V-ing,,,Động từ này đi với V-ing theo danh sách trong PDF.,involve + V-ing,"toeic,800-plus,grammar,pdf-flashbook",TOEIC Grammar 800+ PDF
Gerund · V-ing,keep + V-ing,Động từ này đi với V-ing theo danh sách trong PDF.,,grammar / phrase,,,GRAMMAR,TOEIC Grammar 800+,Gerund · V-ing,5,2,keep + V-ing,,,Động từ này đi với V-ing theo danh sách trong PDF.,keep + V-ing,"toeic,800-plus,grammar,pdf-flashbook",TOEIC Grammar 800+ PDF
Gerund · V-ing,appreciate + V-ing,Động từ này đi với V-ing theo danh sách trong PDF.,,grammar / phrase,,,GRAMMAR,TOEIC Grammar 800+,Gerund · V-ing,5,2,appreciate + V-ing,,,Động từ này đi với V-ing theo danh sách trong PDF.,appreciate + V-ing,"toeic,800-plus,grammar,pdf-flashbook",TOEIC Grammar 800+ PDF
Gerund · V-ing,imagine + V-ing,Động từ này đi với V-ing theo danh sách trong PDF.,,grammar / phrase,,,GRAMMAR,TOEIC Grammar 800+,Gerund · V-ing,5,2,imagine + V-ing,,,Động từ này đi với V-ing theo danh sách trong PDF.,imagine + V-ing,"toeic,800-plus,grammar,pdf-flashbook",TOEIC Grammar 800+ PDF
Gerund · V-ing,quit + V-ing,Động từ này đi với V-ing theo danh sách trong PDF.,,grammar / phrase,,,GRAMMAR,TOEIC Grammar 800+,Gerund · V-ing,5,2,quit + V-ing,,,Động từ này đi với V-ing theo danh sách trong PDF.,quit + V-ing,"toeic,800-plus,grammar,pdf-flashbook",TOEIC Grammar 800+ PDF
Gerund · V-ing,discuss + V-ing,Động từ này đi với V-ing theo danh sách trong PDF.,,grammar / phrase,,,GRAMMAR,TOEIC Grammar 800+,Gerund · V-ing,5,2,discuss + V-ing,,,Động từ này đi với V-ing theo danh sách trong PDF.,discuss + V-ing,"toeic,800-plus,grammar,pdf-flashbook",TOEIC Grammar 800+ PDF
Gerund · V-ing,mention + V-ing,Động từ này đi với V-ing theo danh sách trong PDF.,,grammar / phrase,,,GRAMMAR,TOEIC Grammar 800+,Gerund · V-ing,5,2,mention + V-ing,,,Động từ này đi với V-ing theo danh sách trong PDF.,mention + V-ing,"toeic,800-plus,grammar,pdf-flashbook",TOEIC Grammar 800+ PDF
Infinitive · to V,want + to V,Động từ/cụm này đi với to V theo danh sách trong PDF.,,grammar / phrase,,,GRAMMAR,TOEIC Grammar 800+,Infinitive · to V,5,2,want + to V,,,Động từ/cụm này đi với to V theo danh sách trong PDF.,want + to V,"toeic,800-plus,grammar,pdf-flashbook",TOEIC Grammar 800+ PDF
Infinitive · to V,need + to V,Động từ/cụm này đi với to V theo danh sách trong PDF.,,grammar / phrase,,,GRAMMAR,TOEIC Grammar 800+,Infinitive · to V,5,2,need + to V,,,Động từ/cụm này đi với to V theo danh sách trong PDF.,need + to V,"toeic,800-plus,grammar,pdf-flashbook",TOEIC Grammar 800+ PDF
Infinitive · to V,plan + to V,Động từ/cụm này đi với to V theo danh sách trong PDF.,,grammar / phrase,,,GRAMMAR,TOEIC Grammar 800+,Infinitive · to V,5,2,plan + to V,,,Động từ/cụm này đi với to V theo danh sách trong PDF.,plan + to V,"toeic,800-plus,grammar,pdf-flashbook",TOEIC Grammar 800+ PDF
Infinitive · to V,decide + to V,Động từ/cụm này đi với to V theo danh sách trong PDF.,,grammar / phrase,,,GRAMMAR,TOEIC Grammar 800+,Infinitive · to V,5,2,decide + to V,,,Động từ/cụm này đi với to V theo danh sách trong PDF.,decide + to V,"toeic,800-plus,grammar,pdf-flashbook",TOEIC Grammar 800+ PDF
Infinitive · to V,agree + to V,Động từ/cụm này đi với to V theo danh sách trong PDF.,,grammar / phrase,,,GRAMMAR,TOEIC Grammar 800+,Infinitive · to V,5,2,agree + to V,,,Động từ/cụm này đi với to V theo danh sách trong PDF.,agree + to V,"toeic,800-plus,grammar,pdf-flashbook",TOEIC Grammar 800+ PDF
Infinitive · to V,offer + to V,Động từ/cụm này đi với to V theo danh sách trong PDF.,,grammar / phrase,,,GRAMMAR,TOEIC Grammar 800+,Infinitive · to V,5,2,offer + to V,,,Động từ/cụm này đi với to V theo danh sách trong PDF.,offer + to V,"toeic,800-plus,grammar,pdf-flashbook",TOEIC Grammar 800+ PDF
Infinitive · to V,promise + to V,Động từ/cụm này đi với to V theo danh sách trong PDF.,,grammar / phrase,,,GRAMMAR,TOEIC Grammar 800+,Infinitive · to V,5,2,promise + to V,,,Động từ/cụm này đi với to V theo danh sách trong PDF.,promise + to V,"toeic,800-plus,grammar,pdf-flashbook",TOEIC Grammar 800+ PDF
Infinitive · to V,expect + to V,Động từ/cụm này đi với to V theo danh sách trong PDF.,,grammar / phrase,,,GRAMMAR,TOEIC Grammar 800+,Infinitive · to V,5,2,expect + to V,,,Động từ/cụm này đi với to V theo danh sách trong PDF.,expect + to V,"toeic,800-plus,grammar,pdf-flashbook",TOEIC Grammar 800+ PDF
Infinitive · to V,hope + to V,Động từ/cụm này đi với to V theo danh sách trong PDF.,,grammar / phrase,,,GRAMMAR,TOEIC Grammar 800+,Infinitive · to V,5,2,hope + to V,,,Động từ/cụm này đi với to V theo danh sách trong PDF.,hope + to V,"toeic,800-plus,grammar,pdf-flashbook",TOEIC Grammar 800+ PDF
Infinitive · to V,refuse + to V,Động từ/cụm này đi với to V theo danh sách trong PDF.,,grammar / phrase,,,GRAMMAR,TOEIC Grammar 800+,Infinitive · to V,5,2,refuse + to V,,,Động từ/cụm này đi với to V theo danh sách trong PDF.,refuse + to V,"toeic,800-plus,grammar,pdf-flashbook",TOEIC Grammar 800+ PDF
Infinitive · to V,choose + to V,Động từ/cụm này đi với to V theo danh sách trong PDF.,,grammar / phrase,,,GRAMMAR,TOEIC Grammar 800+,Infinitive · to V,5,2,choose + to V,,,Động từ/cụm này đi với to V theo danh sách trong PDF.,choose + to V,"toeic,800-plus,grammar,pdf-flashbook",TOEIC Grammar 800+ PDF
Infinitive · to V,manage + to V,Động từ/cụm này đi với to V theo danh sách trong PDF.,,grammar / phrase,,,GRAMMAR,TOEIC Grammar 800+,Infinitive · to V,5,2,manage + to V,,,Động từ/cụm này đi với to V theo danh sách trong PDF.,manage + to V,"toeic,800-plus,grammar,pdf-flashbook",TOEIC Grammar 800+ PDF
Infinitive · to V,afford + to V,Động từ/cụm này đi với to V theo danh sách trong PDF.,,grammar / phrase,,,GRAMMAR,TOEIC Grammar 800+,Infinitive · to V,5,2,afford + to V,,,Động từ/cụm này đi với to V theo danh sách trong PDF.,afford + to V,"toeic,800-plus,grammar,pdf-flashbook",TOEIC Grammar 800+ PDF
Infinitive · to V,arrange + to V,Động từ/cụm này đi với to V theo danh sách trong PDF.,,grammar / phrase,,,GRAMMAR,TOEIC Grammar 800+,Infinitive · to V,5,2,arrange + to V,,,Động từ/cụm này đi với to V theo danh sách trong PDF.,arrange + to V,"toeic,800-plus,grammar,pdf-flashbook",TOEIC Grammar 800+ PDF
Infinitive · to V,attempt + to V,Động từ/cụm này đi với to V theo danh sách trong PDF.,,grammar / phrase,,,GRAMMAR,TOEIC Grammar 800+,Infinitive · to V,5,2,attempt + to V,,,Động từ/cụm này đi với to V theo danh sách trong PDF.,attempt + to V,"toeic,800-plus,grammar,pdf-flashbook",TOEIC Grammar 800+ PDF
Infinitive · to V,fail + to V,Động từ/cụm này đi với to V theo danh sách trong PDF.,,grammar / phrase,,,GRAMMAR,TOEIC Grammar 800+,Infinitive · to V,5,2,fail + to V,,,Động từ/cụm này đi với to V theo danh sách trong PDF.,fail + to V,"toeic,800-plus,grammar,pdf-flashbook",TOEIC Grammar 800+ PDF
Infinitive · to V,intend + to V,Động từ/cụm này đi với to V theo danh sách trong PDF.,,grammar / phrase,,,GRAMMAR,TOEIC Grammar 800+,Infinitive · to V,5,2,intend + to V,,,Động từ/cụm này đi với to V theo danh sách trong PDF.,intend + to V,"toeic,800-plus,grammar,pdf-flashbook",TOEIC Grammar 800+ PDF
Infinitive · to V,learn + to V,Động từ/cụm này đi với to V theo danh sách trong PDF.,,grammar / phrase,,,GRAMMAR,TOEIC Grammar 800+,Infinitive · to V,5,2,learn + to V,,,Động từ/cụm này đi với to V theo danh sách trong PDF.,learn + to V,"toeic,800-plus,grammar,pdf-flashbook",TOEIC Grammar 800+ PDF
Infinitive · to V,prepare + to V,Động từ/cụm này đi với to V theo danh sách trong PDF.,,grammar / phrase,,,GRAMMAR,TOEIC Grammar 800+,Infinitive · to V,5,2,prepare + to V,,,Động từ/cụm này đi với to V theo danh sách trong PDF.,prepare + to V,"toeic,800-plus,grammar,pdf-flashbook",TOEIC Grammar 800+ PDF
Infinitive · to V,seem + to V,Động từ/cụm này đi với to V theo danh sách trong PDF.,,grammar / phrase,,,GRAMMAR,TOEIC Grammar 800+,Infinitive · to V,5,2,seem + to V,,,Động từ/cụm này đi với to V theo danh sách trong PDF.,seem + to V,"toeic,800-plus,grammar,pdf-flashbook",TOEIC Grammar 800+ PDF
Infinitive · to V,tend + to V,Động từ/cụm này đi với to V theo danh sách trong PDF.,,grammar / phrase,,,GRAMMAR,TOEIC Grammar 800+,Infinitive · to V,5,2,tend + to V,,,Động từ/cụm này đi với to V theo danh sách trong PDF.,tend + to V,"toeic,800-plus,grammar,pdf-flashbook",TOEIC Grammar 800+ PDF
Infinitive · to V,wish + to V,Động từ/cụm này đi với to V theo danh sách trong PDF.,,grammar / phrase,,,GRAMMAR,TOEIC Grammar 800+,Infinitive · to V,5,2,wish + to V,,,Động từ/cụm này đi với to V theo danh sách trong PDF.,wish + to V,"toeic,800-plus,grammar,pdf-flashbook",TOEIC Grammar 800+ PDF
Infinitive · to V,would like + to V,Động từ/cụm này đi với to V theo danh sách trong PDF.,,grammar / phrase,,,GRAMMAR,TOEIC Grammar 800+,Infinitive · to V,5,2,would like + to V,,,Động từ/cụm này đi với to V theo danh sách trong PDF.,would like + to V,"toeic,800-plus,grammar,pdf-flashbook",TOEIC Grammar 800+ PDF
V-ing hoặc to V,begin + V-ing / to V,Có thể đi với cả V-ing và to V theo nhóm “cả hai” trong PDF.,,grammar / phrase,,,GRAMMAR,TOEIC Grammar 800+,V-ing hoặc to V,5,2,begin + V-ing / to V,,,Có thể đi với cả V-ing và to V theo nhóm “cả hai” trong PDF.,begin + V-ing / to V,"toeic,800-plus,grammar,pdf-flashbook",TOEIC Grammar 800+ PDF
V-ing hoặc to V,start + V-ing / to V,Có thể đi với cả V-ing và to V theo nhóm “cả hai” trong PDF.,,grammar / phrase,,,GRAMMAR,TOEIC Grammar 800+,V-ing hoặc to V,5,2,start + V-ing / to V,,,Có thể đi với cả V-ing và to V theo nhóm “cả hai” trong PDF.,start + V-ing / to V,"toeic,800-plus,grammar,pdf-flashbook",TOEIC Grammar 800+ PDF
V-ing hoặc to V,continue + V-ing / to V,Có thể đi với cả V-ing và to V theo nhóm “cả hai” trong PDF.,,grammar / phrase,,,GRAMMAR,TOEIC Grammar 800+,V-ing hoặc to V,5,2,continue + V-ing / to V,,,Có thể đi với cả V-ing và to V theo nhóm “cả hai” trong PDF.,continue + V-ing / to V,"toeic,800-plus,grammar,pdf-flashbook",TOEIC Grammar 800+ PDF
V-ing hoặc to V,like + V-ing / to V,Có thể đi với cả V-ing và to V theo nhóm “cả hai” trong PDF.,,grammar / phrase,,,GRAMMAR,TOEIC Grammar 800+,V-ing hoặc to V,5,2,like + V-ing / to V,,,Có thể đi với cả V-ing và to V theo nhóm “cả hai” trong PDF.,like + V-ing / to V,"toeic,800-plus,grammar,pdf-flashbook",TOEIC Grammar 800+ PDF
V-ing hoặc to V,love + V-ing / to V,Có thể đi với cả V-ing và to V theo nhóm “cả hai” trong PDF.,,grammar / phrase,,,GRAMMAR,TOEIC Grammar 800+,V-ing hoặc to V,5,2,love + V-ing / to V,,,Có thể đi với cả V-ing và to V theo nhóm “cả hai” trong PDF.,love + V-ing / to V,"toeic,800-plus,grammar,pdf-flashbook",TOEIC Grammar 800+ PDF
V-ing hoặc to V,hate + V-ing / to V,Có thể đi với cả V-ing và to V theo nhóm “cả hai” trong PDF.,,grammar / phrase,,,GRAMMAR,TOEIC Grammar 800+,V-ing hoặc to V,5,2,hate + V-ing / to V,,,Có thể đi với cả V-ing và to V theo nhóm “cả hai” trong PDF.,hate + V-ing / to V,"toeic,800-plus,grammar,pdf-flashbook",TOEIC Grammar 800+ PDF
V-ing hoặc to V,prefer + V-ing / to V,Có thể đi với cả V-ing và to V theo nhóm “cả hai” trong PDF.,,grammar / phrase,,,GRAMMAR,TOEIC Grammar 800+,V-ing hoặc to V,5,2,prefer + V-ing / to V,,,Có thể đi với cả V-ing và to V theo nhóm “cả hai” trong PDF.,prefer + V-ing / to V,"toeic,800-plus,grammar,pdf-flashbook",TOEIC Grammar 800+ PDF
V-ing hoặc to V,intend + V-ing / to V,Có thể đi với cả V-ing và to V theo nhóm “cả hai” trong PDF.,,grammar / phrase,,,GRAMMAR,TOEIC Grammar 800+,V-ing hoặc to V,5,2,intend + V-ing / to V,,,Có thể đi với cả V-ing và to V theo nhóm “cả hai” trong PDF.,intend + V-ing / to V,"toeic,800-plus,grammar,pdf-flashbook",TOEIC Grammar 800+ PDF
Gerund / Infinitive · đổi nghĩa,remember + V-ing / to V,V-ing = nhớ đã làm; to V = nhớ phải làm.,,grammar / phrase,,,GRAMMAR,TOEIC Grammar 800+,Gerund / Infinitive · đổi nghĩa,5,3,remember + V-ing / to V,,,V-ing = nhớ đã làm; to V = nhớ phải làm.,remember + V-ing / to V,"toeic,800-plus,grammar,pdf-flashbook",TOEIC Grammar 800+ PDF
Gerund / Infinitive · đổi nghĩa,stop + V-ing / to V,V-ing = dừng làm việc đó; to V = dừng lại để làm việc khác.,,grammar / phrase,,,GRAMMAR,TOEIC Grammar 800+,Gerund / Infinitive · đổi nghĩa,5,3,stop + V-ing / to V,,,V-ing = dừng làm việc đó; to V = dừng lại để làm việc khác.,stop + V-ing / to V,"toeic,800-plus,grammar,pdf-flashbook",TOEIC Grammar 800+ PDF
Gerund / Infinitive · đổi nghĩa,forget + V-ing / to V,V-ing = quên đã làm; to V = quên phải làm.,,grammar / phrase,,,GRAMMAR,TOEIC Grammar 800+,Gerund / Infinitive · đổi nghĩa,5,3,forget + V-ing / to V,,,V-ing = quên đã làm; to V = quên phải làm.,forget + V-ing / to V,"toeic,800-plus,grammar,pdf-flashbook",TOEIC Grammar 800+ PDF
Câu giả định,suggest that + S + V(base),Động từ kích hoạt cấu trúc that + S + V nguyên thể.,,grammar / phrase,,,GRAMMAR,TOEIC Grammar 800+,Câu giả định,5,3,suggest that + S + V(base),,,Động từ kích hoạt cấu trúc that + S + V nguyên thể.,suggest that + S + V(base),"toeic,800-plus,grammar,pdf-flashbook",TOEIC Grammar 800+ PDF
Câu giả định,recommend that + S + V(base),Động từ kích hoạt cấu trúc that + S + V nguyên thể.,,grammar / phrase,,,GRAMMAR,TOEIC Grammar 800+,Câu giả định,5,3,recommend that + S + V(base),,,Động từ kích hoạt cấu trúc that + S + V nguyên thể.,recommend that + S + V(base),"toeic,800-plus,grammar,pdf-flashbook",TOEIC Grammar 800+ PDF
Câu giả định,propose that + S + V(base),Động từ kích hoạt cấu trúc that + S + V nguyên thể.,,grammar / phrase,,,GRAMMAR,TOEIC Grammar 800+,Câu giả định,5,3,propose that + S + V(base),,,Động từ kích hoạt cấu trúc that + S + V nguyên thể.,propose that + S + V(base),"toeic,800-plus,grammar,pdf-flashbook",TOEIC Grammar 800+ PDF
Câu giả định,request that + S + V(base),Động từ kích hoạt cấu trúc that + S + V nguyên thể.,,grammar / phrase,,,GRAMMAR,TOEIC Grammar 800+,Câu giả định,5,3,request that + S + V(base),,,Động từ kích hoạt cấu trúc that + S + V nguyên thể.,request that + S + V(base),"toeic,800-plus,grammar,pdf-flashbook",TOEIC Grammar 800+ PDF
Câu giả định,require that + S + V(base),Động từ kích hoạt cấu trúc that + S + V nguyên thể.,,grammar / phrase,,,GRAMMAR,TOEIC Grammar 800+,Câu giả định,5,3,require that + S + V(base),,,Động từ kích hoạt cấu trúc that + S + V nguyên thể.,require that + S + V(base),"toeic,800-plus,grammar,pdf-flashbook",TOEIC Grammar 800+ PDF
Câu giả định,demand that + S + V(base),Động từ kích hoạt cấu trúc that + S + V nguyên thể.,,grammar / phrase,,,GRAMMAR,TOEIC Grammar 800+,Câu giả định,5,3,demand that + S + V(base),,,Động từ kích hoạt cấu trúc that + S + V nguyên thể.,demand that + S + V(base),"toeic,800-plus,grammar,pdf-flashbook",TOEIC Grammar 800+ PDF
Câu giả định,insist that + S + V(base),Động từ kích hoạt cấu trúc that + S + V nguyên thể.,,grammar / phrase,,,GRAMMAR,TOEIC Grammar 800+,Câu giả định,5,3,insist that + S + V(base),,,Động từ kích hoạt cấu trúc that + S + V nguyên thể.,insist that + S + V(base),"toeic,800-plus,grammar,pdf-flashbook",TOEIC Grammar 800+ PDF
Câu giả định,urge that + S + V(base),Động từ kích hoạt cấu trúc that + S + V nguyên thể.,,grammar / phrase,,,GRAMMAR,TOEIC Grammar 800+,Câu giả định,5,3,urge that + S + V(base),,,Động từ kích hoạt cấu trúc that + S + V nguyên thể.,urge that + S + V(base),"toeic,800-plus,grammar,pdf-flashbook",TOEIC Grammar 800+ PDF
Câu giả định,ask that + S + V(base),Động từ kích hoạt cấu trúc that + S + V nguyên thể.,,grammar / phrase,,,GRAMMAR,TOEIC Grammar 800+,Câu giả định,5,3,ask that + S + V(base),,,Động từ kích hoạt cấu trúc that + S + V nguyên thể.,ask that + S + V(base),"toeic,800-plus,grammar,pdf-flashbook",TOEIC Grammar 800+ PDF
Câu giả định,advise that + S + V(base),Động từ kích hoạt cấu trúc that + S + V nguyên thể.,,grammar / phrase,,,GRAMMAR,TOEIC Grammar 800+,Câu giả định,5,3,advise that + S + V(base),,,Động từ kích hoạt cấu trúc that + S + V nguyên thể.,advise that + S + V(base),"toeic,800-plus,grammar,pdf-flashbook",TOEIC Grammar 800+ PDF
Câu giả định,mandate that + S + V(base),Động từ kích hoạt cấu trúc that + S + V nguyên thể.,,grammar / phrase,,,GRAMMAR,TOEIC Grammar 800+,Câu giả định,5,3,mandate that + S + V(base),,,Động từ kích hoạt cấu trúc that + S + V nguyên thể.,mandate that + S + V(base),"toeic,800-plus,grammar,pdf-flashbook",TOEIC Grammar 800+ PDF
Câu giả định,It is important that + S + V(base),Tính từ kích hoạt cấu trúc giả định với V nguyên thể.,,grammar / phrase,,,GRAMMAR,TOEIC Grammar 800+,Câu giả định,5,3,It is important that + S + V(base),,,Tính từ kích hoạt cấu trúc giả định với V nguyên thể.,It is important that + S + V(base),"toeic,800-plus,grammar,pdf-flashbook",TOEIC Grammar 800+ PDF
Câu giả định,It is essential that + S + V(base),Tính từ kích hoạt cấu trúc giả định với V nguyên thể.,,grammar / phrase,,,GRAMMAR,TOEIC Grammar 800+,Câu giả định,5,3,It is essential that + S + V(base),,,Tính từ kích hoạt cấu trúc giả định với V nguyên thể.,It is essential that + S + V(base),"toeic,800-plus,grammar,pdf-flashbook",TOEIC Grammar 800+ PDF
Câu giả định,It is necessary that + S + V(base),Tính từ kích hoạt cấu trúc giả định với V nguyên thể.,,grammar / phrase,,,GRAMMAR,TOEIC Grammar 800+,Câu giả định,5,3,It is necessary that + S + V(base),,,Tính từ kích hoạt cấu trúc giả định với V nguyên thể.,It is necessary that + S + V(base),"toeic,800-plus,grammar,pdf-flashbook",TOEIC Grammar 800+ PDF
Câu giả định,It is vital that + S + V(base),Tính từ kích hoạt cấu trúc giả định với V nguyên thể.,,grammar / phrase,,,GRAMMAR,TOEIC Grammar 800+,Câu giả định,5,3,It is vital that + S + V(base),,,Tính từ kích hoạt cấu trúc giả định với V nguyên thể.,It is vital that + S + V(base),"toeic,800-plus,grammar,pdf-flashbook",TOEIC Grammar 800+ PDF
Câu giả định,It is crucial that + S + V(base),Tính từ kích hoạt cấu trúc giả định với V nguyên thể.,,grammar / phrase,,,GRAMMAR,TOEIC Grammar 800+,Câu giả định,5,3,It is crucial that + S + V(base),,,Tính từ kích hoạt cấu trúc giả định với V nguyên thể.,It is crucial that + S + V(base),"toeic,800-plus,grammar,pdf-flashbook",TOEIC Grammar 800+ PDF
Câu giả định,It is imperative that + S + V(base),Tính từ kích hoạt cấu trúc giả định với V nguyên thể.,,grammar / phrase,,,GRAMMAR,TOEIC Grammar 800+,Câu giả định,5,3,It is imperative that + S + V(base),,,Tính từ kích hoạt cấu trúc giả định với V nguyên thể.,It is imperative that + S + V(base),"toeic,800-plus,grammar,pdf-flashbook",TOEIC Grammar 800+ PDF
Câu giả định,It is recommended that + S + V(base),Tính từ kích hoạt cấu trúc giả định với V nguyên thể.,,grammar / phrase,,,GRAMMAR,TOEIC Grammar 800+,Câu giả định,5,3,It is recommended that + S + V(base),,,Tính từ kích hoạt cấu trúc giả định với V nguyên thể.,It is recommended that + S + V(base),"toeic,800-plus,grammar,pdf-flashbook",TOEIC Grammar 800+ PDF
Câu giả định,It is required that + S + V(base),Tính từ kích hoạt cấu trúc giả định với V nguyên thể.,,grammar / phrase,,,GRAMMAR,TOEIC Grammar 800+,Câu giả định,5,3,It is required that + S + V(base),,,Tính từ kích hoạt cấu trúc giả định với V nguyên thể.,It is required that + S + V(base),"toeic,800-plus,grammar,pdf-flashbook",TOEIC Grammar 800+ PDF
Câu giả định,It is mandatory that + S + V(base),Tính từ kích hoạt cấu trúc giả định với V nguyên thể.,,grammar / phrase,,,GRAMMAR,TOEIC Grammar 800+,Câu giả định,5,3,It is mandatory that + S + V(base),,,Tính từ kích hoạt cấu trúc giả định với V nguyên thể.,It is mandatory that + S + V(base),"toeic,800-plus,grammar,pdf-flashbook",TOEIC Grammar 800+ PDF
Từ dễ nhầm,already vs yet,already = đã (câu khẳng định); yet = chưa/đã (câu hỏi/phủ định).,,grammar / phrase,The report has already been submitted. / Has the report been submitted yet?,,GRAMMAR,TOEIC Grammar 800+,Từ dễ nhầm,5,3,already vs yet,,,already = đã (câu khẳng định); yet = chưa/đã (câu hỏi/phủ định).,The report has already been submitted. / Has the report been submitted yet?,"toeic,800-plus,grammar,pdf-flashbook",TOEIC Grammar 800+ PDF
Từ dễ nhầm,still vs yet,still = vẫn còn; yet = chưa.,,grammar / phrase,The issue is still unresolved.,,GRAMMAR,TOEIC Grammar 800+,Từ dễ nhầm,5,3,still vs yet,,,still = vẫn còn; yet = chưa.,The issue is still unresolved.,"toeic,800-plus,grammar,pdf-flashbook",TOEIC Grammar 800+ PDF
Từ dễ nhầm,ago vs before,"ago = trước đây, thường với quá khứ đơn; before = trước, trong ví dụ nguồn dùng với quá khứ hoàn thành.",,grammar / phrase,I met her two years ago. / I had met her before the meeting.,,GRAMMAR,TOEIC Grammar 800+,Từ dễ nhầm,5,3,ago vs before,,,"ago = trước đây, thường với quá khứ đơn; before = trước, trong ví dụ nguồn dùng với quá khứ hoàn thành.",I met her two years ago. / I had met her before the meeting.,"toeic,800-plus,grammar,pdf-flashbook",TOEIC Grammar 800+ PDF
Từ dễ nhầm,many vs much,many + danh từ đếm được số nhiều; much + danh từ không đếm được.,,grammar / phrase,many employees / much information,,GRAMMAR,TOEIC Grammar 800+,Từ dễ nhầm,5,3,many vs much,,,many + danh từ đếm được số nhiều; much + danh từ không đếm được.,many employees / much information,"toeic,800-plus,grammar,pdf-flashbook",TOEIC Grammar 800+ PDF
Từ dễ nhầm,a lot of / plenty of,Dùng được với cả danh từ đếm được và không đếm được.,,grammar / phrase,a lot of time / a lot of people,,GRAMMAR,TOEIC Grammar 800+,Từ dễ nhầm,5,3,a lot of / plenty of,,,Dùng được với cả danh từ đếm được và không đếm được.,a lot of time / a lot of people,"toeic,800-plus,grammar,pdf-flashbook",TOEIC Grammar 800+ PDF
Từ dễ nhầm,few vs a few,"few = ít, sắc thái tiêu cực; a few = một vài, tích cực hơn; đi với danh từ đếm được.",,grammar / phrase,Few people attended. / A few people attended.,,GRAMMAR,TOEIC Grammar 800+,Từ dễ nhầm,5,3,few vs a few,,,"few = ít, sắc thái tiêu cực; a few = một vài, tích cực hơn; đi với danh từ đếm được.",Few people attended. / A few people attended.,"toeic,800-plus,grammar,pdf-flashbook",TOEIC Grammar 800+ PDF
Từ dễ nhầm,little vs a little,"little = ít, tiêu cực; a little = một chút, tích cực hơn; đi với danh từ không đếm được.",,grammar / phrase,There is little time left. / There is a little time left.,,GRAMMAR,TOEIC Grammar 800+,Từ dễ nhầm,5,3,little vs a little,,,"little = ít, tiêu cực; a little = một chút, tích cực hơn; đi với danh từ không đếm được.",There is little time left. / There is a little time left.,"toeic,800-plus,grammar,pdf-flashbook",TOEIC Grammar 800+ PDF
Từ dễ nhầm,each vs every,each nhấn mạnh từng cái; every nhấn mạnh toàn bộ.,,grammar / phrase,Each employee received a bonus. / Every employee must attend.,,GRAMMAR,TOEIC Grammar 800+,Từ dễ nhầm,5,3,each vs every,,,each nhấn mạnh từng cái; every nhấn mạnh toàn bộ.,Each employee received a bonus. / Every employee must attend.,"toeic,800-plus,grammar,pdf-flashbook",TOEIC Grammar 800+ PDF
Từ dễ nhầm,most vs almost,most = hầu hết; almost = gần như; không nói “almost employees”.,,grammar / phrase,Most employees agreed. / Almost all employees agreed.,,GRAMMAR,TOEIC Grammar 800+,Từ dễ nhầm,5,3,most vs almost,,,most = hầu hết; almost = gần như; không nói “almost employees”.,Most employees agreed. / Almost all employees agreed.,"toeic,800-plus,grammar,pdf-flashbook",TOEIC Grammar 800+ PDF
Từ dễ nhầm,economic vs economical,economic = thuộc về kinh tế; economical = tiết kiệm.,,grammar / phrase,economic growth / an economical car,,GRAMMAR,TOEIC Grammar 800+,Từ dễ nhầm,5,3,economic vs economical,,,economic = thuộc về kinh tế; economical = tiết kiệm.,economic growth / an economical car,"toeic,800-plus,grammar,pdf-flashbook",TOEIC Grammar 800+ PDF
Từ dễ nhầm,industrial vs industrious,industrial = thuộc công nghiệp; industrious = chăm chỉ.,,grammar / phrase,industrial zone / industrious worker,,GRAMMAR,TOEIC Grammar 800+,Từ dễ nhầm,5,3,industrial vs industrious,,,industrial = thuộc công nghiệp; industrious = chăm chỉ.,industrial zone / industrious worker,"toeic,800-plus,grammar,pdf-flashbook",TOEIC Grammar 800+ PDF
Từ dễ nhầm,considerate vs considerable,considerate = chu đáo; considerable = đáng kể.,,grammar / phrase,a considerate colleague / considerable progress,,GRAMMAR,TOEIC Grammar 800+,Từ dễ nhầm,5,3,considerate vs considerable,,,considerate = chu đáo; considerable = đáng kể.,a considerate colleague / considerable progress,"toeic,800-plus,grammar,pdf-flashbook",TOEIC Grammar 800+ PDF
Từ dễ nhầm,respective / respectful / respectable,respective = tương ứng; respectful = tôn trọng; respectable = đáng kính.,,grammar / phrase,respective departments / respectful to colleagues / respectable company,,GRAMMAR,TOEIC Grammar 800+,Từ dễ nhầm,5,3,respective / respectful / respectable,,,respective = tương ứng; respectful = tôn trọng; respectable = đáng kính.,respective departments / respectful to colleagues / respectable company,"toeic,800-plus,grammar,pdf-flashbook",TOEIC Grammar 800+ PDF
Từ dễ nhầm,late / later / latter / latest,late = muộn/quá cố; later = sau đó; latter = cái sau trong hai cái; latest = mới nhất.,,grammar / phrase,the late Mr. Smith / See you later / the latter option / the latest update,,GRAMMAR,TOEIC Grammar 800+,Từ dễ nhầm,5,3,late / later / latter / latest,,,late = muộn/quá cố; later = sau đó; latter = cái sau trong hai cái; latest = mới nhất.,the late Mr. Smith / See you later / the latter option / the latest update,"toeic,800-plus,grammar,pdf-flashbook",TOEIC Grammar 800+ PDF
Từ dễ nhầm,so vs so that,"so = nên, chỉ kết quả; so that = để mà, chỉ mục đích.",,grammar / phrase,"It rained, so the game was canceled. / He left early so that he could catch the train.",,GRAMMAR,TOEIC Grammar 800+,Từ dễ nhầm,5,3,so vs so that,,,"so = nên, chỉ kết quả; so that = để mà, chỉ mục đích.","It rained, so the game was canceled. / He left early so that he could catch the train.","toeic,800-plus,grammar,pdf-flashbook",TOEIC Grammar 800+ PDF
Từ dễ nhầm,therefore vs because,therefore = trạng từ nối “do đó”; because = liên từ “vì”.,,grammar / phrase,"The costs increased; therefore, we revised the budget. / We revised the budget because the costs increased.",,GRAMMAR,TOEIC Grammar 800+,Từ dễ nhầm,5,3,therefore vs because,,,therefore = trạng từ nối “do đó”; because = liên từ “vì”.,"The costs increased; therefore, we revised the budget. / We revised the budget because the costs increased.","toeic,800-plus,grammar,pdf-flashbook",TOEIC Grammar 800+ PDF
